"KUMI_CD","LINE_CD","LINE_SUB_CD","KANRIBAN_CD","LINE_DATE","TYOKU_KBN","JIKANWARI_KBN","HINBAN_CD","PLAN_PRODUCT_CNT","PRODUCT_CNT","WORKING_HOURS","CYCLE_TIME","UPDATE_TIME"
"NH11","AS2610","A","M01","2024-02-01T00:00:00","1","01","30610ECB010","50","50","0","66","2024-02-01T10:00:47.292000"
"NH11","AS2610","A","M01","2024-02-01T00:00:00","1","02","30610ECB010","54","42","0","66","2024-02-01T18:40:12.265000"
"NH11","AS2610","A","M01","2024-02-01T00:00:00","1","03","30610ECB010","44","39","0","66","2024-02-01T11:29:25.671000"
"NH11","AS2610","A","M01","2024-02-01T00:00:00","1","04","30610ECB010","54","54","0","66","2024-02-01T13:56:48.661000"
"NH11","AS2610","A","M01","2024-02-01T00:00:00","1","05","30610ECB010","0","0","0","66",""
"NH11","AS2610","A","M01","2024-02-01T00:00:00","1","06","30610ECB010","41","41","0","66","2024-02-01T14:38:54.909000"
"NH11","AS2610","A","M01","2024-02-01T00:00:00","1","07","30610ECB010","44","44","0","66","2024-02-01T15:21:07.084000"
"NH11","AS2610","A","M01","2024-02-01T00:00:00","1","08","30610ECB010","54","54","0","66","2024-02-01T16:21:28.701000"
"NH11","AS2610","A","M01","2024-02-01T00:00:00","1","09","30610ECB010","49","49","0","66","2024-02-01T17:13:49.382000"
"NH11","AS2610","A","M01","2024-02-01T00:00:00","1","10","30610ECB010","0","0","0","66","2024-02-01T17:56:21.872000"
"NH11","AS2610","A","M01","2024-02-01T00:00:00","1","11","30610ECB010","0","0","0","66",""
"NH11","AS2610","A","M01","2024-02-01T00:00:00","1","12","30610ECB010","0","0","0","66",""
"NH11","AS2610","A","M01","2024-02-01T00:00:00","1","13","30610ECB010","0","0","0","66",""
"NH11","AS2610","A","M01","2024-02-02T00:00:00","1","01","30610ECB010","50","50","0","66","2024-02-02T09:30:01.415000"
"NH11","AS2610","A","M01","2024-02-02T00:00:00","1","02","30610ECB010","45","45","0","66","2024-02-02T17:19:14.949000"
"NH11","AS2610","A","M01","2024-02-02T00:00:00","1","03","30610ECB010","53","51","0","66","2024-02-02T11:28:56.033000"
"NH11","AS2610","A","M01","2024-02-02T00:00:00","1","04","30610ECB010","54","54","0","66","2024-02-02T17:19:20.923000"
"NH11","AS2610","A","M01","2024-02-02T00:00:00","1","05","30610ECB010","0","0","0","66","2024-02-02T13:30:55.406000"
"NH11","AS2610","A","M01","2024-02-02T00:00:00","1","06","30610ECB010","41","41","0","66","2024-02-02T14:25:37.735000"
"NH11","AS2610","A","M01","2024-02-02T00:00:00","1","07","30610ECB010","53","53","0","66","2024-02-02T15:31:34.479000"
"NH11","AS2610","A","M01","2024-02-02T00:00:00","1","08","30610ECB010","45","45","0","66","2024-02-02T16:32:06.243000"
"NH11","AS2610","A","M01","2024-02-02T00:00:00","1","09","30610ECB010","49","49","0","66","2024-02-02T17:19:09.410000"
"NH11","AS2610","A","M01","2024-02-02T00:00:00","1","10","30610ECB010","0","0","0","66",""
"NH11","AS2610","A","M01","2024-02-02T00:00:00","1","11","30610ECB010","0","0","0","66","2024-02-02T21:40:56.974000"
"NH11","AS2610","A","M01","2024-02-02T00:00:00","1","12","30610ECB010","0","0","0","66",""
"NH11","AS2610","A","M01","2024-02-02T00:00:00","1","13","30610ECB010","0","0","0","66",""
"NH11","AS2610","A","M01","2024-02-03T00:00:00","1","01","30610ECB010","50","0","0","66",""
"NH11","AS2610","A","M01","2024-02-03T00:00:00","1","02","30610ECB010","45","0","0","66",""
"NH11","AS2610","A","M01","2024-02-03T00:00:00","1","03","30610ECB010","53","0","0","66",""
"NH11","AS2610","A","M01","2024-02-03T00:00:00","1","04","30610ECB010","54","0","0","66",""
"NH11","AS2610","A","M01","2024-02-03T00:00:00","1","05","30610ECB010","0","0","0","66",""
"NH11","AS2610","A","M01","2024-02-03T00:00:00","1","06","30610ECB010","41","0","0","66",""
"NH11","AS2610","A","M01","2024-02-03T00:00:00","1","07","30610ECB010","53","0","0","66",""
"NH11","AS2610","A","M01","2024-02-03T00:00:00","1","08","30610ECB010","45","0","0","66",""
"NH11","AS2610","A","M01","2024-02-03T00:00:00","1","09","30610ECB010","49","0","0","66",""
"NH11","AS2610","A","M01","2024-02-03T00:00:00","1","10","30610ECB010","0","0","0","66",""
"NH11","AS2610","A","M01","2024-02-03T00:00:00","1","11","30610ECB010","0","0","0","66",""
"NH11","AS2610","A","M01","2024-02-03T00:00:00","1","12","30610ECB010","0","0","0","66",""
"NH11","AS2610","A","M01","2024-02-03T00:00:00","1","13","30610ECB010","0","0","0","66",""
"NH11","AS2610","A","M01","2024-02-04T00:00:00","2","01","30610ECB010","0","0","0","66",""
"NH11","AS2610","A","M01","2024-02-04T00:00:00","2","02","30610ECB010","50","0","0","66",""
"NH11","AS2610","A","M01","2024-02-04T00:00:00","2","03","30610ECB010","54","0","0","66",""
"NH11","AS2610","A","M01","2024-02-04T00:00:00","2","04","30610ECB010","44","0","0","66",""
"NH11","AS2610","A","M01","2024-02-04T00:00:00","2","05","30610ECB010","54","0","0","66",""
"NH11","AS2610","A","M01","2024-02-04T00:00:00","2","06","30610ECB010","0","0","0","66",""
"NH11","AS2610","A","M01","2024-02-04T00:00:00","2","07","30610ECB010","50","0","0","66",""
"NH11","AS2610","A","M01","2024-02-04T00:00:00","2","08","30610ECB010","53","0","0","66",""
"NH11","AS2610","A","M01","2024-02-04T00:00:00","2","09","30610ECB010","45","0","0","66",""
"NH11","AS2610","A","M01","2024-02-04T00:00:00","2","10","30610ECB010","40","0","0","66",""
"NH11","AS2610","A","M01","2024-02-04T00:00:00","2","11","30610ECB010","0","0","0","66",""
"NH11","AS2610","A","M01","2024-02-04T00:00:00","2","12","30610ECB010","0","0","0","66",""
"NH11","AS2610","A","M01","2024-02-04T00:00:00","2","13","30610ECB010","0","0","0","66",""
"NH11","AS2610","A","M01","2024-02-05T00:00:00","2","01","30610ECB010","0","0","0","66",""
"NH11","AS2610","A","M01","2024-02-05T00:00:00","2","02","30610ECB010","50","50","0","66","2024-02-06T01:00:43.128000"
"NH11","AS2610","A","M01","2024-02-05T00:00:00","2","03","30610ECB010","54","54","0","66","2024-02-06T06:43:57.323000"
"NH11","AS2610","A","M01","2024-02-05T00:00:00","2","04","30610ECB010","44","44","0","66","2024-02-06T01:00:12.498000"
"NH11","AS2610","A","M01","2024-02-05T00:00:00","2","05","30610ECB010","54","54","0","66","2024-02-06T03:35:30.374000"
"NH11","AS2610","A","M01","2024-02-05T00:00:00","2","06","30610ECB010","0","0","0","66",""
"NH11","AS2610","A","M01","2024-02-05T00:00:00","2","07","30610ECB010","50","50","0","66","2024-02-06T03:59:05.995000"
"NH11","AS2610","A","M01","2024-02-05T00:00:00","2","08","30610ECB010","53","53","0","66","2024-02-06T05:36:55.302000"
"NH11","AS2610","A","M01","2024-02-05T00:00:00","2","09","30610ECB010","45","45","0","66","2024-02-06T05:59:17.559000"
"NH11","AS2610","A","M01","2024-02-05T00:00:00","2","10","30610ECB010","40","40","0","66","2024-02-06T06:44:12.793000"
"NH11","AS2610","A","M01","2024-02-05T00:00:00","2","11","30610ECB010","0","0","0","66",""
"NH11","AS2610","A","M01","2024-02-05T00:00:00","2","12","30610ECB010","0","0","0","66",""
"NH11","AS2610","A","M01","2024-02-05T00:00:00","2","13","30610ECB010","0","0","0","66",""
"NH11","AS2610","A","M01","2024-02-06T00:00:00","2","01","30610ECB010","0","0","0","66",""
"NH11","AS2610","A","M01","2024-02-06T00:00:00","2","02","30610ECB010","50","50","0","66","2024-02-06T23:32:02.272000"
"NH11","AS2610","A","M01","2024-02-06T00:00:00","2","03","30610ECB010","54","54","0","66","2024-02-07T00:10:12.107000"
"NH11","AS2610","A","M01","2024-02-06T00:00:00","2","04","30610ECB010","44","44","0","66","2024-02-07T01:35:25.035000"
"NH11","AS2610","A","M01","2024-02-06T00:00:00","2","05","30610ECB010","54","54","0","66","2024-02-07T01:59:06.961000"
"NH11","AS2610","A","M01","2024-02-06T00:00:00","2","06","30610ECB010","0","0","0","66","2024-02-07T03:00:49.394000"
"NH11","AS2610","A","M01","2024-02-06T00:00:00","2","07","30610ECB010","50","50","0","66","2024-02-07T04:33:53.535000"
"NH11","AS2610","A","M01","2024-02-06T00:00:00","2","08","30610ECB010","53","53","0","66","2024-02-07T05:26:31.598000"
"NH11","AS2610","A","M01","2024-02-06T00:00:00","2","09","30610ECB010","45","45","0","66","2024-02-07T06:00:18.313000"
"NH11","AS2610","A","M01","2024-02-06T00:00:00","2","10","30610ECB010","40","40","0","66","2024-02-07T07:51:47.788000"
"NH11","AS2610","A","M01","2024-02-06T00:00:00","2","11","30610ECB010","0","0","0","66","2024-02-07T07:51:42.166000"
"NH11","AS2610","A","M01","2024-02-06T00:00:00","2","12","30610ECB010","0","0","0","66",""
"NH11","AS2610","A","M01","2024-02-06T00:00:00","2","13","30610ECB010","0","0","0","66",""
"NH11","AS2610","A","M01","2024-02-07T00:00:00","2","01","30610ECB010","0","0","0","66",""
"NH11","AS2610","A","M01","2024-02-07T00:00:00","2","02","30610ECB010","50","50","0","66","2024-02-07T22:59:13.341000"
"NH11","AS2610","A","M01","2024-02-07T00:00:00","2","03","30610ECB010","54","54","0","66","2024-02-08T00:16:27.859000"
"NH11","AS2610","A","M01","2024-02-07T00:00:00","2","04","30610ECB010","44","44","0","66","2024-02-08T04:02:36.369000"
"NH11","AS2610","A","M01","2024-02-07T00:00:00","2","05","30610ECB010","54","54","0","66","2024-02-08T04:02:29.037000"
"NH11","AS2610","A","M01","2024-02-07T00:00:00","2","06","30610ECB010","0","0","0","66",""
"NH11","AS2610","A","M01","2024-02-07T00:00:00","2","07","30610ECB010","50","50","0","66","2024-02-08T04:02:43.633000"
"NH11","AS2610","A","M01","2024-02-07T00:00:00","2","08","30610ECB010","53","48","0","66","2024-02-08T07:08:04.190000"
"NH11","AS2610","A","M01","2024-02-07T00:00:00","2","09","30610ECB010","45","45","0","66","2024-02-08T06:04:28.162000"
"NH11","AS2610","A","M01","2024-02-07T00:00:00","2","10","30610ECB010","45","45","0","66","2024-02-08T07:08:10.073000"
"NH11","AS2610","A","M01","2024-02-07T00:00:00","2","11","30610ECB010","44","44","0","66","2024-02-08T07:49:41.747000"
"NH11","AS2610","A","M01","2024-02-07T00:00:00","2","12","30610ECB010","18","18","0","66","2024-02-08T08:09:23.692000"
"NH11","AS2610","A","M01","2024-02-07T00:00:00","2","13","30610ECB010","0","0","0","66",""
"NH11","AS2610","A","M01","2024-02-08T00:00:00","2","01","30610ECB010","0","0","0","66",""
"NH11","AS2610","A","M01","2024-02-08T00:00:00","2","02","30610ECB010","50","50","0","66","2024-02-09T01:04:34.210000"
"NH11","AS2610","A","M01","2024-02-08T00:00:00","2","03","30610ECB010","54","54","0","66","2024-02-08T23:59:42.768000"
"NH11","AS2610","A","M01","2024-02-08T00:00:00","2","04","30610ECB010","44","44","0","66","2024-02-09T01:04:07.745000"
"NH11","AS2610","A","M01","2024-02-08T00:00:00","2","05","30610ECB010","54","54","0","66","2024-02-09T01:59:48.746000"
"NH11","AS2610","A","M01","2024-02-08T00:00:00","2","06","30610ECB010","0","0","0","66","2024-02-09T02:02:25.735000"
"NH11","AS2610","A","M01","2024-02-08T00:00:00","2","07","30610ECB010","50","50","0","66","2024-02-09T04:02:09.922000"
"NH11","AS2610","A","M01","2024-02-08T00:00:00","2","08","30610ECB010","53","53","0","66","2024-02-09T05:57:54.011000"
"NH11","AS2610","A","M01","2024-02-08T00:00:00","2","09","30610ECB010","45","45","0","66","2024-02-09T06:00:48.497000"
"NH11","AS2610","A","M01","2024-02-08T00:00:00","2","10","30610ECB010","40","40","0","66","2024-02-09T06:41:57.338000"
"NH11","AS2610","A","M01","2024-02-08T00:00:00","2","11","30610ECB010","0","0","0","66","2024-02-08T21:42:10.139000"
"NH11","AS2610","A","M01","2024-02-08T00:00:00","2","12","30610ECB010","0","0","0","66","2024-02-08T21:42:10.139000"
"NH11","AS2610","A","M01","2024-02-08T00:00:00","2","13","30610ECB010","0","0","0","66",""
"NH11","AS2610","A","M01","2024-02-09T00:00:00","2","01","30610ECB010","0","0","0","66",""
"NH11","AS2610","A","M01","2024-02-09T00:00:00","2","02","30610ECB010","50","50","0","66","2024-02-10T00:33:44.699000"
"NH11","AS2610","A","M01","2024-02-09T00:00:00","2","03","30610ECB010","54","54","0","66","2024-02-10T01:43:37.349000"
"NH11","AS2610","A","M01","2024-02-09T00:00:00","2","04","30610ECB010","44","44","0","66","2024-02-10T00:59:36.738000"
"NH11","AS2610","A","M01","2024-02-09T00:00:00","2","05","30610ECB010","54","54","0","66","2024-02-10T04:07:30.749000"
"NH11","AS2610","A","M01","2024-02-09T00:00:00","2","06","30610ECB010","0","0","0","66","2024-02-10T03:04:43.959000"
"NH11","AS2610","A","M01","2024-02-09T00:00:00","2","07","30610ECB010","50","49","0","66","2024-02-10T05:30:03.041000"
"NH11","AS2610","A","M01","2024-02-09T00:00:00","2","08","30610ECB010","53","53","0","66","2024-02-10T05:29:56.546000"
"NH11","AS2610","A","M01","2024-02-09T00:00:00","2","09","30610ECB010","45","41","0","66","2024-02-10T05:58:44.448000"
"NH11","AS2610","A","M01","2024-02-09T00:00:00","2","10","30610ECB010","40","36","0","66","2024-02-10T06:45:15.319000"
"NH11","AS2610","A","M01","2024-02-09T00:00:00","2","11","30610ECB010","0","0","0","66",""
"NH11","AS2610","A","M01","2024-02-09T00:00:00","2","12","30610ECB010","0","0","0","66",""
"NH11","AS2610","A","M01","2024-02-09T00:00:00","2","13","30610ECB010","0","0","0","66",""
"NH11","AS2610","A","M01","2024-02-10T00:00:00","2","01","30610ECB010","0","0","0","66",""
"NH11","AS2610","A","M01","2024-02-10T00:00:00","2","02","30610ECB010","50","0","0","66",""
"NH11","AS2610","A","M01","2024-02-10T00:00:00","2","03","30610ECB010","54","0","0","66",""
"NH11","AS2610","A","M01","2024-02-10T00:00:00","2","04","30610ECB010","44","0","0","66",""
"NH11","AS2610","A","M01","2024-02-10T00:00:00","2","05","30610ECB010","54","0","0","66",""
"NH11","AS2610","A","M01","2024-02-10T00:00:00","2","06","30610ECB010","0","0","0","66",""
"NH11","AS2610","A","M01","2024-02-10T00:00:00","2","07","30610ECB010","50","0","0","66",""
"NH11","AS2610","A","M01","2024-02-10T00:00:00","2","08","30610ECB010","53","0","0","66",""
"NH11","AS2610","A","M01","2024-02-10T00:00:00","2","09","30610ECB010","45","0","0","66",""
"NH11","AS2610","A","M01","2024-02-10T00:00:00","2","10","30610ECB010","40","0","0","66",""
"NH11","AS2610","A","M01","2024-02-10T00:00:00","2","11","30610ECB010","0","0","0","66",""
"NH11","AS2610","A","M01","2024-02-10T00:00:00","2","12","30610ECB010","0","0","0","66",""
"NH11","AS2610","A","M01","2024-02-10T00:00:00","2","13","30610ECB010","0","0","0","66",""
"NH11","AS2610","A","M01","2024-02-11T00:00:00","1","01","30610ECB010","50","0","0","66",""
"NH11","AS2610","A","M01","2024-02-11T00:00:00","1","02","30610ECB010","45","0","0","66",""
"NH11","AS2610","A","M01","2024-02-11T00:00:00","1","03","30610ECB010","53","0","0","66",""
"NH11","AS2610","A","M01","2024-02-11T00:00:00","1","04","30610ECB010","54","0","0","66",""
"NH11","AS2610","A","M01","2024-02-11T00:00:00","1","05","30610ECB010","0","0","0","66",""
"NH11","AS2610","A","M01","2024-02-11T00:00:00","1","06","30610ECB010","41","0","0","66",""
"NH11","AS2610","A","M01","2024-02-11T00:00:00","1","07","30610ECB010","53","0","0","66",""
"NH11","AS2610","A","M01","2024-02-11T00:00:00","1","08","30610ECB010","45","0","0","66",""
"NH11","AS2610","A","M01","2024-02-11T00:00:00","1","09","30610ECB010","49","0","0","66",""
"NH11","AS2610","A","M01","2024-02-11T00:00:00","1","10","30610ECB010","0","0","0","66",""
"NH11","AS2610","A","M01","2024-02-11T00:00:00","1","11","30610ECB010","0","0","0","66",""
"NH11","AS2610","A","M01","2024-02-11T00:00:00","1","12","30610ECB010","0","0","0","66",""
"NH11","AS2610","A","M01","2024-02-11T00:00:00","1","13","30610ECB010","0","0","0","66",""
"NH11","AS2610","A","M01","2024-02-12T00:00:00","1","01","30610ECB010","50","48","0","66","2024-02-12T13:10:29.633000"
"NH11","AS2610","A","M01","2024-02-12T00:00:00","1","02","30610ECB010","54","51","0","66","2024-02-12T15:54:17.660000"
"NH11","AS2610","A","M01","2024-02-12T00:00:00","1","03","30610ECB010","44","43","0","66","2024-02-12T13:11:33.412000"
"NH11","AS2610","A","M01","2024-02-12T00:00:00","1","04","30610ECB010","54","47","0","66","2024-02-12T13:11:54.154000"
"NH11","AS2610","A","M01","2024-02-12T00:00:00","1","05","30610ECB010","0","0","0","66","2024-02-12T12:33:33.636000"
"NH11","AS2610","A","M01","2024-02-12T00:00:00","1","06","30610ECB010","41","41","0","66","2024-02-12T15:30:30.138000"
"NH11","AS2610","A","M01","2024-02-12T00:00:00","1","07","30610ECB010","53","51","0","66","2024-02-12T15:54:22.869000"
"NH11","AS2610","A","M01","2024-02-12T00:00:00","1","08","30610ECB010","45","45","0","66","2024-02-12T17:24:57.225000"
"NH11","AS2610","A","M01","2024-02-12T00:00:00","1","09","30610ECB010","49","49","0","66","2024-02-12T17:25:02.392000"
"NH11","AS2610","A","M01","2024-02-12T00:00:00","1","10","30610ECB010","0","0","0","66",""
"NH11","AS2610","A","M01","2024-02-12T00:00:00","1","11","30610ECB010","0","0","0","66",""
"NH11","AS2610","A","M01","2024-02-12T00:00:00","1","12","30610ECB010","0","0","0","66",""
"NH11","AS2610","A","M01","2024-02-12T00:00:00","1","13","30610ECB010","0","0","0","66",""
"NH11","AS2610","A","M01","2024-02-13T00:00:00","1","01","30610ECB010","50","50","0","66","2024-02-13T10:43:35.756000"
"NH11","AS2610","A","M01","2024-02-13T00:00:00","1","02","30610ECB010","54","54","0","66","2024-02-13T10:29:51.819000"
"NH11","AS2610","A","M01","2024-02-13T00:00:00","1","03","30610ECB010","44","44","0","66","2024-02-13T11:45:20.938000"
"NH11","AS2610","A","M01","2024-02-13T00:00:00","1","04","30610ECB010","54","54","0","66","2024-02-13T13:31:29.414000"
"NH11","AS2610","A","M01","2024-02-13T00:00:00","1","05","30610ECB010","0","0","0","66","2024-02-13T13:31:38.335000"
"NH11","AS2610","A","M01","2024-02-13T00:00:00","1","06","30610ECB010","41","41","0","66","2024-02-13T14:21:29.713000"
"NH11","AS2610","A","M01","2024-02-13T00:00:00","1","07","30610ECB010","53","53","0","66","2024-02-13T17:25:57.098000"
"NH11","AS2610","A","M01","2024-02-13T00:00:00","1","08","30610ECB010","45","45","0","66","2024-02-13T16:42:52.588000"
"NH11","AS2610","A","M01","2024-02-13T00:00:00","1","09","30610ECB010","49","49","0","66","2024-02-13T17:26:09.178000"
"NH11","AS2610","A","M01","2024-02-13T00:00:00","1","10","30610ECB010","0","0","0","66",""
"NH11","AS2610","A","M01","2024-02-13T00:00:00","1","11","30610ECB010","0","0","0","66","2024-02-13T19:03:54.901000"
"NH11","AS2610","A","M01","2024-02-13T00:00:00","1","12","30610ECB010","0","0","0","66",""
"NH11","AS2610","A","M01","2024-02-13T00:00:00","1","13","30610ECB010","0","0","0","66",""
"NH11","AS2610","A","M01","2024-02-14T00:00:00","1","01","30610ECB010","50","50","0","66","2024-02-14T09:31:33.415000"
"NH11","AS2610","A","M01","2024-02-14T00:00:00","1","02","30610ECB010","54","54","0","66","2024-02-14T11:06:09.143000"
"NH11","AS2610","A","M01","2024-02-14T00:00:00","1","03","30610ECB010","44","44","0","66","2024-02-14T11:30:35.685000"
"NH11","AS2610","A","M01","2024-02-14T00:00:00","1","04","30610ECB010","54","54","0","66","2024-02-14T13:23:00.236000"
"NH11","AS2610","A","M01","2024-02-14T00:00:00","1","05","30610ECB010","0","0","0","66","2024-02-14T13:23:04.641000"
"NH11","AS2610","A","M01","2024-02-14T00:00:00","1","06","30610ECB010","0","0","0","66","2024-02-14T08:50:19.630000"
"NH11","AS2610","A","M01","2024-02-14T00:00:00","1","07","30610ECB010","40","40","0","66","2024-02-14T17:01:33.117000"
"NH11","AS2610","A","M01","2024-02-14T00:00:00","1","08","30610ECB010","44","35","0","66","2024-02-14T17:01:27.836000"
"NH11","AS2610","A","M01","2024-02-14T00:00:00","1","09","30610ECB010","54","51","0","66","2024-02-14T17:19:18.703000"
"NH11","AS2610","A","M01","2024-02-14T00:00:00","1","10","30610ECB010","49","37","0","66","2024-02-14T20:11:16.112000"
"NH11","AS2610","A","M01","2024-02-14T00:00:00","1","11","30610ECB010","0","0","0","66","2024-02-14T20:11:01.553000"
"NH11","AS2610","A","M01","2024-02-14T00:00:00","1","12","30610ECB010","0","0","0","66","2024-02-14T20:11:21.398000"
"NH11","AS2610","A","M01","2024-02-14T00:00:00","1","13","30610ECB010","0","0","0","66",""
"NH11","AS2610","A","M01","2024-02-15T00:00:00","1","01","30610ECB010","50","45","0","66","2024-02-15T09:29:46.246000"
"NH11","AS2610","A","M01","2024-02-15T00:00:00","1","02","30610ECB010","54","51","0","66","2024-02-15T17:21:06.754000"
"NH11","AS2610","A","M01","2024-02-15T00:00:00","1","03","30610ECB010","44","44","0","66","2024-02-15T12:32:40.451000"
"NH11","AS2610","A","M01","2024-02-15T00:00:00","1","04","30610ECB010","54","54","0","66","2024-02-15T12:32:52.914000"
"NH11","AS2610","A","M01","2024-02-15T00:00:00","1","05","30610ECB010","0","0","0","66","2024-02-15T12:32:34.659000"
"NH11","AS2610","A","M01","2024-02-15T00:00:00","1","06","30610ECB010","41","41","0","66","2024-02-15T15:34:20.361000"
"NH11","AS2610","A","M01","2024-02-15T00:00:00","1","07","30610ECB010","53","53","0","66","2024-02-15T15:34:12.967000"
"NH11","AS2610","A","M01","2024-02-15T00:00:00","1","08","30610ECB010","45","45","0","66","2024-02-15T16:48:55.208000"
"NH11","AS2610","A","M01","2024-02-15T00:00:00","1","09","30610ECB010","49","49","0","66","2024-02-15T17:17:17.244000"
"NH11","AS2610","A","M01","2024-02-15T00:00:00","1","10","30610ECB010","0","0","0","66","2024-02-15T08:37:29.988000"
"NH11","AS2610","A","M01","2024-02-15T00:00:00","1","11","30610ECB010","0","0","0","66",""
"NH11","AS2610","A","M01","2024-02-15T00:00:00","1","12","30610ECB010","0","0","0","66",""
"NH11","AS2610","A","M01","2024-02-15T00:00:00","1","13","30610ECB010","0","0","0","66",""
"NH11","AS2610","A","M01","2024-02-16T00:00:00","1","01","30610ECB010","50","50","0","66","2024-02-16T14:08:36.219000"
"NH11","AS2610","A","M01","2024-02-16T00:00:00","1","02","30610ECB010","54","54","0","66","2024-02-16T10:29:50.548000"
"NH11","AS2610","A","M01","2024-02-16T00:00:00","1","03","30610ECB010","44","44","0","66","2024-02-16T14:08:30.995000"
"NH11","AS2610","A","M01","2024-02-16T00:00:00","1","04","30610ECB010","54","54","0","66","2024-02-16T14:08:25.231000"
"NH11","AS2610","A","M01","2024-02-16T00:00:00","1","05","30610ECB010","0","0","0","66","2024-02-16T14:08:20.156000"
"NH11","AS2610","A","M01","2024-02-16T00:00:00","1","06","30610ECB010","41","37","0","66","2024-02-16T16:38:50.262000"
"NH11","AS2610","A","M01","2024-02-16T00:00:00","1","07","30610ECB010","53","53","0","66","2024-02-16T15:19:34.220000"
"NH11","AS2610","A","M01","2024-02-16T00:00:00","1","08","30610ECB010","45","45","0","66","2024-02-16T16:38:56.242000"
"NH11","AS2610","A","M01","2024-02-16T00:00:00","1","09","30610ECB010","49","49","0","66","2024-02-16T17:15:55.759000"
"NH11","AS2610","A","M01","2024-02-16T00:00:00","1","10","30610ECB010","0","0","0","66",""
"NH11","AS2610","A","M01","2024-02-16T00:00:00","1","11","30610ECB010","0","0","0","66",""
"NH11","AS2610","A","M01","2024-02-16T00:00:00","1","12","30610ECB010","0","0","0","66",""
"NH11","AS2610","A","M01","2024-02-16T00:00:00","1","13","30610ECB010","0","0","0","66",""
"NH11","AS2610","A","M01","2024-02-17T00:00:00","1","01","30610ECB010","50","0","0","66",""
"NH11","AS2610","A","M01","2024-02-17T00:00:00","1","02","30610ECB010","54","0","0","66",""
"NH11","AS2610","A","M01","2024-02-17T00:00:00","1","03","30610ECB010","44","0","0","66",""
"NH11","AS2610","A","M01","2024-02-17T00:00:00","1","04","30610ECB010","54","0","0","66",""
"NH11","AS2610","A","M01","2024-02-17T00:00:00","1","05","30610ECB010","0","0","0","66",""
"NH11","AS2610","A","M01","2024-02-17T00:00:00","1","06","30610ECB010","41","0","0","66",""
"NH11","AS2610","A","M01","2024-02-17T00:00:00","1","07","30610ECB010","53","0","0","66",""
"NH11","AS2610","A","M01","2024-02-17T00:00:00","1","08","30610ECB010","45","0","0","66",""
"NH11","AS2610","A","M01","2024-02-17T00:00:00","1","09","30610ECB010","49","0","0","66",""
"NH11","AS2610","A","M01","2024-02-17T00:00:00","1","10","30610ECB010","0","0","0","66",""
"NH11","AS2610","A","M01","2024-02-17T00:00:00","1","11","30610ECB010","0","0","0","66",""
"NH11","AS2610","A","M01","2024-02-17T00:00:00","1","12","30610ECB010","0","0","0","66",""
"NH11","AS2610","A","M01","2024-02-17T00:00:00","1","13","30610ECB010","0","0","0","66",""
"NH11","AS2610","A","M01","2024-02-18T00:00:00","2","01","30610ECB010","0","0","0","66",""
"NH11","AS2610","A","M01","2024-02-18T00:00:00","2","02","30610ECB010","50","0","0","66",""
"NH11","AS2610","A","M01","2024-02-18T00:00:00","2","03","30610ECB010","54","0","0","66",""
"NH11","AS2610","A","M01","2024-02-18T00:00:00","2","04","30610ECB010","44","0","0","66",""
"NH11","AS2610","A","M01","2024-02-18T00:00:00","2","05","30610ECB010","54","0","0","66",""
"NH11","AS2610","A","M01","2024-02-18T00:00:00","2","06","30610ECB010","0","0","0","66",""
"NH11","AS2610","A","M01","2024-02-18T00:00:00","2","07","30610ECB010","50","0","0","66",""
"NH11","AS2610","A","M01","2024-02-18T00:00:00","2","08","30610ECB010","53","0","0","66",""
"NH11","AS2610","A","M01","2024-02-18T00:00:00","2","09","30610ECB010","45","0","0","66",""
"NH11","AS2610","A","M01","2024-02-18T00:00:00","2","10","30610ECB010","40","0","0","66",""
"NH11","AS2610","A","M01","2024-02-18T00:00:00","2","11","30610ECB010","0","0","0","66",""
"NH11","AS2610","A","M01","2024-02-18T00:00:00","2","12","30610ECB010","0","0","0","66",""
"NH11","AS2610","A","M01","2024-02-18T00:00:00","2","13","30610ECB010","0","0","0","66",""
"NH11","AS2610","A","M01","2024-02-19T00:00:00","2","01","30610ECB010","0","0","0","66",""
"NH11","AS2610","A","M01","2024-02-19T00:00:00","2","02","30610ECB010","50","50","0","66","2024-02-19T22:59:15.559000"
"NH11","AS2610","A","M01","2024-02-19T00:00:00","2","03","30610ECB010","54","54","0","66","2024-02-20T00:08:42.681000"
"NH11","AS2610","A","M01","2024-02-19T00:00:00","2","04","30610ECB010","44","44","0","66","2024-02-20T01:05:39.032000"
"NH11","AS2610","A","M01","2024-02-19T00:00:00","2","05","30610ECB010","54","54","0","66","2024-02-20T01:59:26.832000"
"NH11","AS2610","A","M01","2024-02-19T00:00:00","2","06","30610ECB010","0","0","0","66","2024-02-20T02:58:14.505000"
"NH11","AS2610","A","M01","2024-02-19T00:00:00","2","07","30610ECB010","50","50","0","66","2024-02-20T04:07:04.278000"
"NH11","AS2610","A","M01","2024-02-19T00:00:00","2","08","30610ECB010","53","53","0","66","2024-02-20T05:07:36.276000"
"NH11","AS2610","A","M01","2024-02-19T00:00:00","2","09","30610ECB010","45","45","0","66","2024-02-20T06:20:05.576000"
"NH11","AS2610","A","M01","2024-02-19T00:00:00","2","10","30610ECB010","40","1","0","66","2024-02-20T06:21:48.283000"
"NH11","AS2610","A","M01","2024-02-19T00:00:00","2","11","30610ECB010","0","0","0","66",""
"NH11","AS2610","A","M01","2024-02-19T00:00:00","2","12","30610ECB010","0","0","0","66",""
"NH11","AS2610","A","M01","2024-02-19T00:00:00","2","13","30610ECB010","0","0","0","66",""
"NH11","AS2610","A","M01","2024-02-20T00:00:00","2","01","30610ECB010","0","0","0","66",""
"NH11","AS2610","A","M01","2024-02-20T00:00:00","2","02","30610ECB010","50","50","0","66","2024-02-20T23:06:37.110000"
"NH11","AS2610","A","M01","2024-02-20T00:00:00","2","03","30610ECB010","54","54","0","66","2024-02-20T23:59:21.963000"
"NH11","AS2610","A","M01","2024-02-20T00:00:00","2","04","30610ECB010","44","30","0","66","2024-02-21T00:42:25.674000"
"NH11","AS2610","A","M01","2024-02-20T00:00:00","2","05","30610ECB010","54","52","0","66","2024-02-21T06:48:13.542000"
"NH11","AS2610","A","M01","2024-02-20T00:00:00","2","06","30610ECB010","0","0","0","66",""
"NH11","AS2610","A","M01","2024-02-20T00:00:00","2","07","30610ECB010","50","50","0","66","2024-02-21T03:59:27.599000"
"NH11","AS2610","A","M01","2024-02-20T00:00:00","2","08","30610ECB010","53","53","0","66","2024-02-21T04:58:54.898000"
"NH11","AS2610","A","M01","2024-02-20T00:00:00","2","09","30610ECB010","45","45","0","66","2024-02-21T05:59:23.619000"
"NH11","AS2610","A","M01","2024-02-20T00:00:00","2","10","30610ECB010","40","40","0","66","2024-02-21T06:48:07.956000"
"NH11","AS2610","A","M01","2024-02-20T00:00:00","2","11","30610ECB010","0","0","0","66",""
"NH11","AS2610","A","M01","2024-02-20T00:00:00","2","12","30610ECB010","0","0","0","66",""
"NH11","AS2610","A","M01","2024-02-20T00:00:00","2","13","30610ECB010","0","0","0","66",""
"NH11","AS2610","A","M01","2024-02-21T00:00:00","2","01","30610ECB010","0","0","0","66",""
"NH11","AS2610","A","M01","2024-02-21T00:00:00","2","02","30610ECB010","50","50","0","66","2024-02-21T22:59:52.369000"
"NH11","AS2610","A","M01","2024-02-21T00:00:00","2","03","30610ECB010","54","54","0","66","2024-02-22T00:21:13.389000"
"NH11","AS2610","A","M01","2024-02-21T00:00:00","2","04","30610ECB010","44","44","0","66","2024-02-22T00:58:12.878000"
"NH11","AS2610","A","M01","2024-02-21T00:00:00","2","05","30610ECB010","54","54","0","66","2024-02-22T03:03:00.743000"
"NH11","AS2610","A","M01","2024-02-21T00:00:00","2","06","30610ECB010","0","0","0","66",""
"NH11","AS2610","A","M01","2024-02-21T00:00:00","2","07","30610ECB010","50","50","0","66","2024-02-22T06:43:25.464000"
"NH11","AS2610","A","M01","2024-02-21T00:00:00","2","08","30610ECB010","53","53","0","66","2024-02-22T06:43:19.683000"
"NH11","AS2610","A","M01","2024-02-21T00:00:00","2","09","30610ECB010","45","32","0","66","2024-02-22T06:48:39.227000"
"NH11","AS2610","A","M01","2024-02-21T00:00:00","2","10","30610ECB010","40","40","0","66","2024-02-22T06:48:32.743000"
"NH11","AS2610","A","M01","2024-02-21T00:00:00","2","11","30610ECB010","0","0","0","66",""
"NH11","AS2610","A","M01","2024-02-21T00:00:00","2","12","30610ECB010","0","0","0","66",""
"NH11","AS2610","A","M01","2024-02-21T00:00:00","2","13","30610ECB010","0","0","0","66",""
"NH11","AS2610","A","M01","2024-02-22T00:00:00","2","01","30610ECB010","0","0","0","66",""
"NH11","AS2610","A","M01","2024-02-22T00:00:00","2","02","30610ECB010","50","50","0","66","2024-02-23T02:37:57.847000"
"NH11","AS2610","A","M01","2024-02-22T00:00:00","2","03","30610ECB010","54","54","0","66","2024-02-22T23:59:44.905000"
"NH11","AS2610","A","M01","2024-02-22T00:00:00","2","04","30610ECB010","44","44","0","66","2024-02-23T02:38:03.107000"
"NH11","AS2610","A","M01","2024-02-22T00:00:00","2","05","30610ECB010","54","54","0","66","2024-02-23T02:37:46.740000"
"NH11","AS2610","A","M01","2024-02-22T00:00:00","2","06","30610ECB010","0","0","0","66","2024-02-23T02:37:52.223000"
"NH11","AS2610","A","M01","2024-02-22T00:00:00","2","07","30610ECB010","50","50","0","66","2024-02-23T03:59:14.869000"
"NH11","AS2610","A","M01","2024-02-22T00:00:00","2","08","30610ECB010","53","53","0","66","2024-02-23T06:52:08.671000"
"NH11","AS2610","A","M01","2024-02-22T00:00:00","2","09","30610ECB010","45","45","0","66","2024-02-23T06:32:28.984000"
"NH11","AS2610","A","M01","2024-02-22T00:00:00","2","10","30610ECB010","40","40","0","66","2024-02-23T06:51:56.993000"
"NH11","AS2610","A","M01","2024-02-22T00:00:00","2","11","30610ECB010","0","0","0","66",""
"NH11","AS2610","A","M01","2024-02-22T00:00:00","2","12","30610ECB010","0","0","0","66",""
"NH11","AS2610","A","M01","2024-02-22T00:00:00","2","13","30610ECB010","0","0","0","66",""
"NH11","AS2610","A","M01","2024-02-23T00:00:00","2","01","30610ECB010","0","0","0","66",""
"NH11","AS2610","A","M01","2024-02-23T00:00:00","2","02","30610ECB010","50","50","0","66","2024-02-24T00:57:07.692000"
"NH11","AS2610","A","M01","2024-02-23T00:00:00","2","03","30610ECB010","54","54","0","66","2024-02-24T07:01:13.929000"
"NH11","AS2610","A","M01","2024-02-23T00:00:00","2","04","30610ECB010","44","44","0","66","2024-02-24T01:00:19.207000"
"NH11","AS2610","A","M01","2024-02-23T00:00:00","2","05","30610ECB010","54","54","0","66","2024-02-24T03:37:27.181000"
"NH11","AS2610","A","M01","2024-02-23T00:00:00","2","06","30610ECB010","0","0","0","66","2024-02-24T03:37:39.691000"
"NH11","AS2610","A","M01","2024-02-23T00:00:00","2","07","30610ECB010","23","23","0","66","2024-02-24T04:15:28.303000"
"NH11","AS2610","A","M01","2024-02-23T00:00:00","2","08","30610ECB010","53","53","0","66","2024-02-24T06:17:58.216000"
"NH11","AS2610","A","M01","2024-02-23T00:00:00","2","09","30610ECB010","45","45","0","66","2024-02-24T05:59:48.540000"
"NH11","AS2610","A","M01","2024-02-23T00:00:00","2","10","30610ECB010","40","40","0","66","2024-02-24T07:01:08.327000"
"NH11","AS2610","A","M01","2024-02-23T00:00:00","2","11","30610ECB010","0","0","0","66",""
"NH11","AS2610","A","M01","2024-02-23T00:00:00","2","12","30610ECB010","0","0","0","66",""
"NH11","AS2610","A","M01","2024-02-23T00:00:00","2","13","30610ECB010","0","0","0","66",""
"NH11","AS2610","A","M01","2024-02-24T00:00:00","2","01","30610ECB010","0","0","0","66",""
"NH11","AS2610","A","M01","2024-02-24T00:00:00","2","02","30610ECB010","50","0","0","66",""
"NH11","AS2610","A","M01","2024-02-24T00:00:00","2","03","30610ECB010","54","0","0","66",""
"NH11","AS2610","A","M01","2024-02-24T00:00:00","2","04","30610ECB010","44","0","0","66",""
"NH11","AS2610","A","M01","2024-02-24T00:00:00","2","05","30610ECB010","54","0","0","66",""
"NH11","AS2610","A","M01","2024-02-24T00:00:00","2","06","30610ECB010","0","0","0","66",""
"NH11","AS2610","A","M01","2024-02-24T00:00:00","2","07","30610ECB010","23","0","0","66",""
"NH11","AS2610","A","M01","2024-02-24T00:00:00","2","08","30610ECB010","53","0","0","66",""
"NH11","AS2610","A","M01","2024-02-24T00:00:00","2","09","30610ECB010","45","0","0","66",""
"NH11","AS2610","A","M01","2024-02-24T00:00:00","2","10","30610ECB010","40","0","0","66",""
"NH11","AS2610","A","M01","2024-02-24T00:00:00","2","11","30610ECB010","0","0","0","66",""
"NH11","AS2610","A","M01","2024-02-24T00:00:00","2","12","30610ECB010","0","0","0","66",""
"NH11","AS2610","A","M01","2024-02-24T00:00:00","2","13","30610ECB010","0","0","0","66",""
"NH11","AS2610","A","M01","2024-02-25T00:00:00","1","01","30610ECB010","50","0","0","66",""
"NH11","AS2610","A","M01","2024-02-25T00:00:00","1","02","30610ECB010","54","0","0","66",""
"NH11","AS2610","A","M01","2024-02-25T00:00:00","1","03","30610ECB010","44","0","0","66",""
"NH11","AS2610","A","M01","2024-02-25T00:00:00","1","04","30610ECB010","54","0","0","66",""
"NH11","AS2610","A","M01","2024-02-25T00:00:00","1","05","30610ECB010","0","0","0","66",""
"NH11","AS2610","A","M01","2024-02-25T00:00:00","1","06","30610ECB010","41","0","0","66",""
"NH11","AS2610","A","M01","2024-02-25T00:00:00","1","07","30610ECB010","53","0","0","66",""
"NH11","AS2610","A","M01","2024-02-25T00:00:00","1","08","30610ECB010","45","0","0","66",""
"NH11","AS2610","A","M01","2024-02-25T00:00:00","1","09","30610ECB010","49","0","0","66",""
"NH11","AS2610","A","M01","2024-02-25T00:00:00","1","10","30610ECB010","0","0","0","66",""
"NH11","AS2610","A","M01","2024-02-25T00:00:00","1","11","30610ECB010","0","0","0","66",""
"NH11","AS2610","A","M01","2024-02-25T00:00:00","1","12","30610ECB010","0","0","0","66",""
"NH11","AS2610","A","M01","2024-02-25T00:00:00","1","13","30610ECB010","0","0","0","66",""
"NH11","AS2610","A","M01","2024-02-26T00:00:00","1","01","30610ECB010","50","50","0","66","2024-02-26T10:57:55.808000"
"NH11","AS2610","A","M01","2024-02-26T00:00:00","1","02","30610ECB010","54","54","0","66","2024-02-26T10:58:01.162000"
"NH11","AS2610","A","M01","2024-02-26T00:00:00","1","03","30610ECB010","44","44","0","66","2024-02-26T11:45:36.881000"
"NH11","AS2610","A","M01","2024-02-26T00:00:00","1","04","30610ECB010","54","54","0","66","2024-02-26T14:02:37.390000"
"NH11","AS2610","A","M01","2024-02-26T00:00:00","1","05","30610ECB010","0","0","0","66",""
"NH11","AS2610","A","M01","2024-02-26T00:00:00","1","06","30610ECB010","41","41","0","66","2024-02-26T15:17:09.204000"
"NH11","AS2610","A","M01","2024-02-26T00:00:00","1","07","30610ECB010","53","53","0","66","2024-02-26T15:33:21.533000"
"NH11","AS2610","A","M01","2024-02-26T00:00:00","1","08","30610ECB010","45","45","0","66","2024-02-26T16:18:17.080000"
"NH11","AS2610","A","M01","2024-02-26T00:00:00","1","09","30610ECB010","49","41","0","66","2024-02-26T17:15:59.875000"
"NH11","AS2610","A","M01","2024-02-26T00:00:00","1","10","30610ECB010","0","0","0","66",""
"NH11","AS2610","A","M01","2024-02-26T00:00:00","1","11","30610ECB010","0","0","0","66",""
"NH11","AS2610","A","M01","2024-02-26T00:00:00","1","12","30610ECB010","0","0","0","66",""
"NH11","AS2610","A","M01","2024-02-26T00:00:00","1","13","30610ECB010","0","0","0","66",""
"NH11","AS2610","A","M01","2024-02-27T00:00:00","1","01","30610ECB010","50","50","0","66","2024-02-27T09:55:04.395000"
"NH11","AS2610","A","M01","2024-02-27T00:00:00","1","02","30610ECB010","54","54","0","66","2024-02-27T10:29:25.927000"
"NH11","AS2610","A","M01","2024-02-27T00:00:00","1","03","30610ECB010","44","44","0","66","2024-02-27T11:34:06.686000"
"NH11","AS2610","A","M01","2024-02-27T00:00:00","1","04","30610ECB010","54","54","0","66","2024-02-27T13:29:30.952000"
"NH11","AS2610","A","M01","2024-02-27T00:00:00","1","05","30610ECB010","0","0","0","66","2024-02-27T13:29:38.429000"
"NH11","AS2610","A","M01","2024-02-27T00:00:00","1","06","30610ECB010","41","41","0","66","2024-02-27T14:49:30.422000"
"NH11","AS2610","A","M01","2024-02-27T00:00:00","1","07","30610ECB010","53","53","0","66","2024-02-27T15:43:55.167000"
"NH11","AS2610","A","M01","2024-02-27T00:00:00","1","08","30610ECB010","45","45","0","66","2024-02-27T16:20:15.575000"
"NH11","AS2610","A","M01","2024-02-27T00:00:00","1","09","30610ECB010","49","49","0","66","2024-02-27T17:12:30.327000"
"NH11","AS2610","A","M01","2024-02-27T00:00:00","1","10","30610ECB010","0","0","0","66","2024-02-27T19:12:07.620000"
"NH11","AS2610","A","M01","2024-02-27T00:00:00","1","11","30610ECB010","0","0","0","66",""
"NH11","AS2610","A","M01","2024-02-27T00:00:00","1","12","30610ECB010","0","0","0","66",""
"NH11","AS2610","A","M01","2024-02-27T00:00:00","1","13","30610ECB010","0","0","0","66",""
"NH11","AS2610","A","M01","2024-02-28T00:00:00","1","01","30610ECB010","50","50","0","66","2024-02-28T10:08:03.482000"
"NH11","AS2610","A","M01","2024-02-28T00:00:00","1","02","30610ECB010","54","52","0","66","2024-02-28T15:19:07.972000"
"NH11","AS2610","A","M01","2024-02-28T00:00:00","1","03","30610ECB010","44","43","0","66","2024-02-28T15:18:47.787000"
"NH11","AS2610","A","M01","2024-02-28T00:00:00","1","04","30610ECB010","54","54","0","66","2024-02-28T12:29:43.539000"
"NH11","AS2610","A","M01","2024-02-28T00:00:00","1","05","30610ECB010","0","0","0","66",""
"NH11","AS2610","A","M01","2024-02-28T00:00:00","1","06","30610ECB010","0","0","0","66","2024-02-28T14:29:27.347000"
"NH11","AS2610","A","M01","2024-02-28T00:00:00","1","07","30610ECB010","40","40","0","66","2024-02-28T17:47:34.860000"
"NH11","AS2610","A","M01","2024-02-28T00:00:00","1","08","30610ECB010","44","44","0","66","2024-02-28T17:47:40.653000"
"NH11","AS2610","A","M01","2024-02-28T00:00:00","1","09","30610ECB010","49","35","0","66","2024-02-28T17:47:47.801000"
"NH11","AS2610","A","M01","2024-02-28T00:00:00","1","10","30610ECB010","0","0","0","66","2024-02-28T17:46:42.421000"
"NH11","AS2610","A","M01","2024-02-28T00:00:00","1","11","30610ECB010","0","0","0","66",""
"NH11","AS2610","A","M01","2024-02-28T00:00:00","1","12","30610ECB010","0","0","0","66",""
"NH11","AS2610","A","M01","2024-02-28T00:00:00","1","13","30610ECB010","0","0","0","66",""
"NH11","AS2610","A","M01","2024-02-29T00:00:00","1","01","30610ECB010","50","29","0","66","2024-02-29T09:07:56.860000"
"NH11","AS2610","A","M01","2024-02-29T00:00:00","1","02","30610ECB010","54","19","0","66","2024-02-29T10:29:36.626000"
"NH11","AS2610","A","M01","2024-02-29T00:00:00","1","03","30610ECB010","44","43","0","66","2024-02-29T14:49:23.616000"
"NH11","AS2610","A","M01","2024-02-29T00:00:00","1","04","30610ECB010","54","54","0","66","2024-02-29T13:43:15.761000"
"NH11","AS2610","A","M01","2024-02-29T00:00:00","1","05","30610ECB010","0","0","0","66","2024-02-29T13:43:21.941000"
"NH11","AS2610","A","M01","2024-02-29T00:00:00","1","06","30610ECB010","41","37","0","66","2024-02-29T14:53:56.977000"
"NH11","AS2610","A","M01","2024-02-29T00:00:00","1","07","30610ECB010","53","53","0","66","2024-02-29T16:00:25.381000"
"NH11","AS2610","A","M01","2024-02-29T00:00:00","1","08","30610ECB010","45","45","0","66","2024-02-29T16:32:35.855000"
"NH11","AS2610","A","M01","2024-02-29T00:00:00","1","09","30610ECB010","49","49","0","66","2024-02-29T19:38:32.624000"
"NH11","AS2610","A","M01","2024-02-29T00:00:00","1","10","30610ECB010","0","0","0","66","2024-02-29T19:38:27.342000"
"NH11","AS2610","A","M01","2024-02-29T00:00:00","1","11","30610ECB010","0","0","0","66",""
"NH11","AS2610","A","M01","2024-02-29T00:00:00","1","12","30610ECB010","0","0","0","66",""
"NH11","AS2610","A","M01","2024-02-29T00:00:00","1","13","30610ECB010","0","0","0","66",""
"NH11","AS2650","A","M01","2024-02-01T00:00:00","1","01","41310ECB010","50","50","0","66","2024-02-01T13:37:12.798000"
"NH11","AS2650","A","M01","2024-02-01T00:00:00","1","02","41310ECB010","54","41","0","66","2024-02-01T17:31:31.112000"
"NH11","AS2650","A","M01","2024-02-01T00:00:00","1","03","41310ECB010","44","39","0","66","2024-02-01T11:29:26.062000"
"NH11","AS2650","A","M01","2024-02-01T00:00:00","1","04","41310ECB010","54","54","0","66","2024-02-01T13:37:17.435000"
"NH11","AS2650","A","M01","2024-02-01T00:00:00","1","05","41310ECB010","0","0","0","66","2024-02-01T09:13:23.908000"
"NH11","AS2650","A","M01","2024-02-01T00:00:00","1","06","41310ECB010","41","41","0","66","2024-02-01T16:31:27.374000"
"NH11","AS2650","A","M01","2024-02-01T00:00:00","1","07","41310ECB010","44","44","0","66","2024-02-01T17:31:06.144000"
"NH11","AS2650","A","M01","2024-02-01T00:00:00","1","08","41310ECB010","54","54","0","66","2024-02-01T17:31:00.057000"
"NH11","AS2650","A","M01","2024-02-01T00:00:00","1","09","41310ECB010","49","49","0","66","2024-02-01T17:28:45.709000"
"NH11","AS2650","A","M01","2024-02-01T00:00:00","1","10","41310ECB010","0","1","0","66","2024-02-01T17:53:24.890000"
"NH11","AS2650","A","M01","2024-02-01T00:00:00","1","11","41310ECB010","0","0","0","66","2024-02-01T09:13:23.908000"
"NH11","AS2650","A","M01","2024-02-01T00:00:00","1","12","41310ECB010","0","0","0","66","2024-02-01T09:13:23.908000"
"NH11","AS2650","A","M01","2024-02-01T00:00:00","1","13","41310ECB010","0","0","0","66","2024-02-01T09:13:23.908000"
"NH11","AS2650","A","M01","2024-02-02T00:00:00","1","01","41310ECB010","50","50","0","66","2024-02-02T09:30:02.526000"
"NH11","AS2650","A","M01","2024-02-02T00:00:00","1","02","41310ECB010","45","44","0","66","2024-02-02T11:51:44.134000"
"NH11","AS2650","A","M01","2024-02-02T00:00:00","1","03","41310ECB010","53","51","0","66","2024-02-02T11:52:00.461000"
"NH11","AS2650","A","M01","2024-02-02T00:00:00","1","04","41310ECB010","54","53","0","66","2024-02-02T15:42:16.178000"
"NH11","AS2650","A","M01","2024-02-02T00:00:00","1","05","41310ECB010","0","0","0","66","2024-02-02T14:15:37.769000"
"NH11","AS2650","A","M01","2024-02-02T00:00:00","1","06","41310ECB010","41","41","0","66","2024-02-02T14:19:07.254000"
"NH11","AS2650","A","M01","2024-02-02T00:00:00","1","07","41310ECB010","53","53","0","66","2024-02-02T15:42:22.471000"
"NH11","AS2650","A","M01","2024-02-02T00:00:00","1","08","41310ECB010","45","45","0","66","2024-02-02T16:18:52.876000"
"NH11","AS2650","A","M01","2024-02-02T00:00:00","1","09","41310ECB010","49","51","0","66","2024-02-02T17:16:06.699000"
"NH11","AS2650","A","M01","2024-02-02T00:00:00","1","10","41310ECB010","0","0","0","66","2024-02-02T08:36:05.725000"
"NH11","AS2650","A","M01","2024-02-02T00:00:00","1","11","41310ECB010","0","1","0","66","2024-02-02T18:57:08.831000"
"NH11","AS2650","A","M01","2024-02-02T00:00:00","1","12","41310ECB010","0","0","0","66","2024-02-02T08:36:05.725000"
"NH11","AS2650","A","M01","2024-02-02T00:00:00","1","13","41310ECB010","0","0","0","66","2024-02-02T08:36:05.725000"
"NH11","AS2650","A","M01","2024-02-03T00:00:00","1","01","41310ECB010","50","0","0","51.5",""
"NH11","AS2650","A","M01","2024-02-03T00:00:00","1","02","41310ECB010","45","0","0","51.5",""
"NH11","AS2650","A","M01","2024-02-03T00:00:00","1","03","41310ECB010","53","0","0","51.5",""
"NH11","AS2650","A","M01","2024-02-03T00:00:00","1","04","41310ECB010","54","0","0","51.5",""
"NH11","AS2650","A","M01","2024-02-03T00:00:00","1","05","41310ECB010","0","0","0","51.5",""
"NH11","AS2650","A","M01","2024-02-03T00:00:00","1","06","41310ECB010","41","0","0","51.5",""
"NH11","AS2650","A","M01","2024-02-03T00:00:00","1","07","41310ECB010","53","0","0","51.5",""
"NH11","AS2650","A","M01","2024-02-03T00:00:00","1","08","41310ECB010","45","0","0","51.5",""
"NH11","AS2650","A","M01","2024-02-03T00:00:00","1","09","41310ECB010","49","0","0","51.5",""
"NH11","AS2650","A","M01","2024-02-03T00:00:00","1","10","41310ECB010","0","0","0","51.5",""
"NH11","AS2650","A","M01","2024-02-03T00:00:00","1","11","41310ECB010","0","0","0","51.5",""
"NH11","AS2650","A","M01","2024-02-03T00:00:00","1","12","41310ECB010","0","0","0","51.5",""
"NH11","AS2650","A","M01","2024-02-03T00:00:00","1","13","41310ECB010","0","0","0","51.5",""
"NH11","AS2650","A","M01","2024-02-04T00:00:00","2","01","41310ECB010","0","0","0","51.5",""
"NH11","AS2650","A","M01","2024-02-04T00:00:00","2","02","41310ECB010","50","0","0","51.5",""
"NH11","AS2650","A","M01","2024-02-04T00:00:00","2","03","41310ECB010","54","0","0","51.5",""
"NH11","AS2650","A","M01","2024-02-04T00:00:00","2","04","41310ECB010","44","0","0","51.5",""
"NH11","AS2650","A","M01","2024-02-04T00:00:00","2","05","41310ECB010","54","0","0","51.5",""
"NH11","AS2650","A","M01","2024-02-04T00:00:00","2","06","41310ECB010","0","0","0","51.5",""
"NH11","AS2650","A","M01","2024-02-04T00:00:00","2","07","41310ECB010","50","0","0","51.5",""
"NH11","AS2650","A","M01","2024-02-04T00:00:00","2","08","41310ECB010","53","0","0","51.5",""
"NH11","AS2650","A","M01","2024-02-04T00:00:00","2","09","41310ECB010","45","0","0","51.5",""
"NH11","AS2650","A","M01","2024-02-04T00:00:00","2","10","41310ECB010","40","0","0","51.5",""
"NH11","AS2650","A","M01","2024-02-04T00:00:00","2","11","41310ECB010","0","0","0","51.5",""
"NH11","AS2650","A","M01","2024-02-04T00:00:00","2","12","41310ECB010","0","0","0","51.5",""
"NH11","AS2650","A","M01","2024-02-04T00:00:00","2","13","41310ECB010","0","0","0","51.5",""
"NH11","AS2650","A","M01","2024-02-05T00:00:00","2","01","41310ECB010","0","0","0","66","2024-02-05T21:59:32.842000"
"NH11","AS2650","A","M01","2024-02-05T00:00:00","2","02","41310ECB010","50","50","0","66","2024-02-06T03:52:24.819000"
"NH11","AS2650","A","M01","2024-02-05T00:00:00","2","03","41310ECB010","54","54","0","66","2024-02-06T07:05:58.909000"
"NH11","AS2650","A","M01","2024-02-05T00:00:00","2","04","41310ECB010","44","44","0","66","2024-02-06T04:09:27.517000"
"NH11","AS2650","A","M01","2024-02-05T00:00:00","2","05","41310ECB010","54","54","0","66","2024-02-06T04:09:37.443000"
"NH11","AS2650","A","M01","2024-02-05T00:00:00","2","06","41310ECB010","0","0","0","66","2024-02-05T21:59:32.842000"
"NH11","AS2650","A","M01","2024-02-05T00:00:00","2","07","41310ECB010","50","50","0","66","2024-02-06T04:09:42.796000"
"NH11","AS2650","A","M01","2024-02-05T00:00:00","2","08","41310ECB010","53","53","0","66","2024-02-06T07:05:52.162000"
"NH11","AS2650","A","M01","2024-02-05T00:00:00","2","09","41310ECB010","45","45","0","66","2024-02-06T05:59:18.044000"
"NH11","AS2650","A","M01","2024-02-05T00:00:00","2","10","41310ECB010","40","40","0","66","2024-02-06T07:05:46.354000"
"NH11","AS2650","A","M01","2024-02-05T00:00:00","2","11","41310ECB010","0","0","0","66","2024-02-05T21:59:32.842000"
"NH11","AS2650","A","M01","2024-02-05T00:00:00","2","12","41310ECB010","0","0","0","66","2024-02-05T21:59:32.842000"
"NH11","AS2650","A","M01","2024-02-05T00:00:00","2","13","41310ECB010","0","0","0","66","2024-02-05T21:59:32.842000"
"NH11","AS2650","A","M01","2024-02-06T00:00:00","2","01","41310ECB010","0","0","0","66","2024-02-06T23:57:23.830000"
"NH11","AS2650","A","M01","2024-02-06T00:00:00","2","02","41310ECB010","50","50","0","66","2024-02-07T03:00:01.960000"
"NH11","AS2650","A","M01","2024-02-06T00:00:00","2","03","41310ECB010","54","54","0","66","2024-02-07T03:00:08.061000"
"NH11","AS2650","A","M01","2024-02-06T00:00:00","2","04","41310ECB010","44","44","0","66","2024-02-07T03:00:13.869000"
"NH11","AS2650","A","M01","2024-02-06T00:00:00","2","05","41310ECB010","54","54","0","66","2024-02-07T03:00:18.953000"
"NH11","AS2650","A","M01","2024-02-06T00:00:00","2","06","41310ECB010","0","0","0","66","2024-02-07T03:00:23.179000"
"NH11","AS2650","A","M01","2024-02-06T00:00:00","2","07","41310ECB010","50","50","0","66","2024-02-07T05:29:31.293000"
"NH11","AS2650","A","M01","2024-02-06T00:00:00","2","08","41310ECB010","53","53","0","66","2024-02-07T04:59:03.526000"
"NH11","AS2650","A","M01","2024-02-06T00:00:00","2","09","41310ECB010","45","45","0","66","2024-02-07T06:02:28.264000"
"NH11","AS2650","A","M01","2024-02-06T00:00:00","2","10","41310ECB010","40","40","0","66","2024-02-07T06:39:50.581000"
"NH11","AS2650","A","M01","2024-02-06T00:00:00","2","11","41310ECB010","0","1","0","66","2024-02-07T07:44:25.403000"
"NH11","AS2650","A","M01","2024-02-06T00:00:00","2","12","41310ECB010","0","0","0","66","2024-02-06T23:57:45.266000"
"NH11","AS2650","A","M01","2024-02-06T00:00:00","2","13","41310ECB010","0","0","0","66","2024-02-06T23:57:45.266000"
"NH11","AS2650","A","M01","2024-02-07T00:00:00","2","01","41310ECB010","0","0","0","66","2024-02-07T22:39:30.992000"
"NH11","AS2650","A","M01","2024-02-07T00:00:00","2","02","41310ECB010","50","50","0","66","2024-02-07T22:59:13.669000"
"NH11","AS2650","A","M01","2024-02-07T00:00:00","2","03","41310ECB010","54","54","0","66","2024-02-08T03:00:39.472000"
"NH11","AS2650","A","M01","2024-02-07T00:00:00","2","04","41310ECB010","44","44","0","66","2024-02-08T00:58:04.301000"
"NH11","AS2650","A","M01","2024-02-07T00:00:00","2","05","41310ECB010","54","54","0","66","2024-02-08T03:00:46.971000"
"NH11","AS2650","A","M01","2024-02-07T00:00:00","2","06","41310ECB010","0","0","0","66","2024-02-07T22:39:30.992000"
"NH11","AS2650","A","M01","2024-02-07T00:00:00","2","07","41310ECB010","50","50","0","66","2024-02-08T05:25:32.862000"
"NH11","AS2650","A","M01","2024-02-07T00:00:00","2","08","41310ECB010","53","48","0","66","2024-02-08T07:58:45.106000"
"NH11","AS2650","A","M01","2024-02-07T00:00:00","2","09","41310ECB010","45","45","0","66","2024-02-08T06:36:00.685000"
"NH11","AS2650","A","M01","2024-02-07T00:00:00","2","10","41310ECB010","45","45","0","66","2024-02-08T07:57:55.317000"
"NH11","AS2650","A","M01","2024-02-07T00:00:00","2","11","41310ECB010","44","44","0","66","2024-02-08T07:58:03.980000"
"NH11","AS2650","A","M01","2024-02-07T00:00:00","2","12","41310ECB010","18","18","0","66","2024-02-08T08:18:10.573000"
"NH11","AS2650","A","M01","2024-02-07T00:00:00","2","13","41310ECB010","0","0","0","66","2024-02-07T22:39:30.992000"
"NH11","AS2650","A","M01","2024-02-08T00:00:00","2","01","41310ECB010","0","0","0","66","2024-02-08T22:19:12.193000"
"NH11","AS2650","A","M01","2024-02-08T00:00:00","2","02","41310ECB010","50","50","0","66","2024-02-09T01:39:52.676000"
"NH11","AS2650","A","M01","2024-02-08T00:00:00","2","03","41310ECB010","54","54","0","66","2024-02-09T01:39:56.225000"
"NH11","AS2650","A","M01","2024-02-08T00:00:00","2","04","41310ECB010","44","44","0","66","2024-02-09T01:40:01.686000"
"NH11","AS2650","A","M01","2024-02-08T00:00:00","2","05","41310ECB010","54","54","0","66","2024-02-09T01:59:49.543000"
"NH11","AS2650","A","M01","2024-02-08T00:00:00","2","06","41310ECB010","0","0","0","66","2024-02-09T03:20:38.525000"
"NH11","AS2650","A","M01","2024-02-08T00:00:00","2","07","41310ECB010","50","50","0","66","2024-02-09T04:26:29.298000"
"NH11","AS2650","A","M01","2024-02-08T00:00:00","2","08","41310ECB010","53","53","0","66","2024-02-09T05:08:21.975000"
"NH11","AS2650","A","M01","2024-02-08T00:00:00","2","09","41310ECB010","45","45","0","66","2024-02-09T06:19:38.626000"
"NH11","AS2650","A","M01","2024-02-08T00:00:00","2","10","41310ECB010","40","38","0","66","2024-02-09T06:41:57.697000"
"NH11","AS2650","A","M01","2024-02-08T00:00:00","2","11","41310ECB010","0","0","0","66","2024-02-08T22:19:17.755000"
"NH11","AS2650","A","M01","2024-02-08T00:00:00","2","12","41310ECB010","0","0","0","66","2024-02-08T22:19:17.755000"
"NH11","AS2650","A","M01","2024-02-08T00:00:00","2","13","41310ECB010","0","0","0","66","2024-02-08T22:19:12.193000"
"NH11","AS2650","A","M01","2024-02-09T00:00:00","2","01","41310ECB010","0","0","0","66","2024-02-09T22:03:40.332000"
"NH11","AS2650","A","M01","2024-02-09T00:00:00","2","02","41310ECB010","50","50","0","66","2024-02-10T01:24:03.237000"
"NH11","AS2650","A","M01","2024-02-09T00:00:00","2","03","41310ECB010","54","54","0","66","2024-02-10T04:49:27.134000"
"NH11","AS2650","A","M01","2024-02-09T00:00:00","2","04","41310ECB010","44","44","0","66","2024-02-10T01:24:11.839000"
"NH11","AS2650","A","M01","2024-02-09T00:00:00","2","05","41310ECB010","54","54","0","66","2024-02-10T04:36:38.138000"
"NH11","AS2650","A","M01","2024-02-09T00:00:00","2","06","41310ECB010","0","0","0","66","2024-02-10T04:36:31.576000"
"NH11","AS2650","A","M01","2024-02-09T00:00:00","2","07","41310ECB010","50","49","0","66","2024-02-10T06:57:36.530000"
"NH11","AS2650","A","M01","2024-02-09T00:00:00","2","08","41310ECB010","53","53","0","66","2024-02-10T06:57:44.451000"
"NH11","AS2650","A","M01","2024-02-09T00:00:00","2","09","41310ECB010","45","41","0","66","2024-02-10T06:57:50.119000"
"NH11","AS2650","A","M01","2024-02-09T00:00:00","2","10","41310ECB010","40","36","0","66","2024-02-10T06:45:15.491000"
"NH11","AS2650","A","M01","2024-02-09T00:00:00","2","11","41310ECB010","0","0","0","66","2024-02-09T22:03:40.332000"
"NH11","AS2650","A","M01","2024-02-09T00:00:00","2","12","41310ECB010","0","0","0","66","2024-02-09T22:03:40.332000"
"NH11","AS2650","A","M01","2024-02-09T00:00:00","2","13","41310ECB010","0","0","0","66","2024-02-09T22:03:40.332000"
"NH11","AS2650","A","M01","2024-02-10T00:00:00","2","01","41310ECB010","0","0","0","51.5",""
"NH11","AS2650","A","M01","2024-02-10T00:00:00","2","02","41310ECB010","50","0","0","51.5",""
"NH11","AS2650","A","M01","2024-02-10T00:00:00","2","03","41310ECB010","54","0","0","51.5",""
"NH11","AS2650","A","M01","2024-02-10T00:00:00","2","04","41310ECB010","44","0","0","51.5",""
"NH11","AS2650","A","M01","2024-02-10T00:00:00","2","05","41310ECB010","54","0","0","51.5",""
"NH11","AS2650","A","M01","2024-02-10T00:00:00","2","06","41310ECB010","0","0","0","51.5",""
"NH11","AS2650","A","M01","2024-02-10T00:00:00","2","07","41310ECB010","50","0","0","51.5",""
"NH11","AS2650","A","M01","2024-02-10T00:00:00","2","08","41310ECB010","53","0","0","51.5",""
"NH11","AS2650","A","M01","2024-02-10T00:00:00","2","09","41310ECB010","45","0","0","51.5",""
"NH11","AS2650","A","M01","2024-02-10T00:00:00","2","10","41310ECB010","40","0","0","51.5",""
"NH11","AS2650","A","M01","2024-02-10T00:00:00","2","11","41310ECB010","0","0","0","51.5",""
"NH11","AS2650","A","M01","2024-02-10T00:00:00","2","12","41310ECB010","0","0","0","51.5",""
"NH11","AS2650","A","M01","2024-02-10T00:00:00","2","13","41310ECB010","0","0","0","51.5",""
"NH11","AS2650","A","M01","2024-02-11T00:00:00","1","01","41310ECB010","50","0","0","51.5",""
"NH11","AS2650","A","M01","2024-02-11T00:00:00","1","02","41310ECB010","45","0","0","51.5",""
"NH11","AS2650","A","M01","2024-02-11T00:00:00","1","03","41310ECB010","53","0","0","51.5",""
"NH11","AS2650","A","M01","2024-02-11T00:00:00","1","04","41310ECB010","54","0","0","51.5",""
"NH11","AS2650","A","M01","2024-02-11T00:00:00","1","05","41310ECB010","0","0","0","51.5",""
"NH11","AS2650","A","M01","2024-02-11T00:00:00","1","06","41310ECB010","41","0","0","51.5",""
"NH11","AS2650","A","M01","2024-02-11T00:00:00","1","07","41310ECB010","53","0","0","51.5",""
"NH11","AS2650","A","M01","2024-02-11T00:00:00","1","08","41310ECB010","45","0","0","51.5",""
"NH11","AS2650","A","M01","2024-02-11T00:00:00","1","09","41310ECB010","49","0","0","51.5",""
"NH11","AS2650","A","M01","2024-02-11T00:00:00","1","10","41310ECB010","0","0","0","51.5",""
"NH11","AS2650","A","M01","2024-02-11T00:00:00","1","11","41310ECB010","0","0","0","51.5",""
"NH11","AS2650","A","M01","2024-02-11T00:00:00","1","12","41310ECB010","0","0","0","51.5",""
"NH11","AS2650","A","M01","2024-02-11T00:00:00","1","13","41310ECB010","0","0","0","51.5",""
"NH11","AS2650","A","M01","2024-02-12T00:00:00","1","01","41310ECB010","50","48","0","66","2024-02-12T19:35:37.426000"
"NH11","AS2650","A","M01","2024-02-12T00:00:00","1","02","41310ECB010","54","51","0","66","2024-02-12T19:35:44.848000"
"NH11","AS2650","A","M01","2024-02-12T00:00:00","1","03","41310ECB010","44","43","0","66","2024-02-12T19:35:52.656000"
"NH11","AS2650","A","M01","2024-02-12T00:00:00","1","04","41310ECB010","54","47","0","66","2024-02-12T19:36:00.112000"
"NH11","AS2650","A","M01","2024-02-12T00:00:00","1","05","41310ECB010","0","0","0","66","2024-02-12T19:36:04.976000"
"NH11","AS2650","A","M01","2024-02-12T00:00:00","1","06","41310ECB010","41","41","0","66","2024-02-12T19:36:11.343000"
"NH11","AS2650","A","M01","2024-02-12T00:00:00","1","07","41310ECB010","53","51","0","66","2024-02-12T19:36:17.675000"
"NH11","AS2650","A","M01","2024-02-12T00:00:00","1","08","41310ECB010","45","45","0","66","2024-02-12T19:36:24.367000"
"NH11","AS2650","A","M01","2024-02-12T00:00:00","1","09","41310ECB010","49","49","0","66","2024-02-12T19:36:30.920000"
"NH11","AS2650","A","M01","2024-02-12T00:00:00","1","10","41310ECB010","0","0","0","66","2024-02-12T09:19:09.539000"
"NH11","AS2650","A","M01","2024-02-12T00:00:00","1","11","41310ECB010","0","0","0","66","2024-02-12T09:19:09.539000"
"NH11","AS2650","A","M01","2024-02-12T00:00:00","1","12","41310ECB010","0","0","0","66","2024-02-12T09:19:09.539000"
"NH11","AS2650","A","M01","2024-02-12T00:00:00","1","13","41310ECB010","0","0","0","66","2024-02-12T09:19:09.539000"
"NH11","AS2650","A","M01","2024-02-13T00:00:00","1","01","41310ECB010","50","50","0","66","2024-02-13T14:15:33.757000"
"NH11","AS2650","A","M01","2024-02-13T00:00:00","1","02","41310ECB010","54","54","0","66","2024-02-13T10:29:52.710000"
"NH11","AS2650","A","M01","2024-02-13T00:00:00","1","03","41310ECB010","44","44","0","66","2024-02-13T14:15:39.725000"
"NH11","AS2650","A","M01","2024-02-13T00:00:00","1","04","41310ECB010","54","54","0","66","2024-02-13T14:15:46.332000"
"NH11","AS2650","A","M01","2024-02-13T00:00:00","1","05","41310ECB010","0","0","0","66","2024-02-13T14:16:00.639000"
"NH11","AS2650","A","M01","2024-02-13T00:00:00","1","06","41310ECB010","41","41","0","66","2024-02-13T14:34:41.428000"
"NH11","AS2650","A","M01","2024-02-13T00:00:00","1","07","41310ECB010","53","53","0","66","2024-02-13T19:47:18.670000"
"NH11","AS2650","A","M01","2024-02-13T00:00:00","1","08","41310ECB010","45","45","0","66","2024-02-13T19:47:23.906000"
"NH11","AS2650","A","M01","2024-02-13T00:00:00","1","09","41310ECB010","49","49","0","66","2024-02-13T19:47:29.362000"
"NH11","AS2650","A","M01","2024-02-13T00:00:00","1","10","41310ECB010","0","0","0","66","2024-02-13T10:12:03.203000"
"NH11","AS2650","A","M01","2024-02-13T00:00:00","1","11","41310ECB010","0","0","0","66","2024-02-13T19:47:34.276000"
"NH11","AS2650","A","M01","2024-02-13T00:00:00","1","12","41310ECB010","0","0","0","66","2024-02-13T10:12:03.203000"
"NH11","AS2650","A","M01","2024-02-13T00:00:00","1","13","41310ECB010","0","0","0","66","2024-02-13T10:12:03.203000"
"NH11","AS2650","A","M01","2024-02-14T00:00:00","1","01","41310ECB010","50","50","0","66","2024-02-14T17:38:16.397000"
"NH11","AS2650","A","M01","2024-02-14T00:00:00","1","02","41310ECB010","54","54","0","66","2024-02-14T11:05:45.185000"
"NH11","AS2650","A","M01","2024-02-14T00:00:00","1","03","41310ECB010","44","44","0","66","2024-02-14T17:37:55.720000"
"NH11","AS2650","A","M01","2024-02-14T00:00:00","1","04","41310ECB010","54","54","0","66","2024-02-14T20:29:06.583000"
"NH11","AS2650","A","M01","2024-02-14T00:00:00","1","05","41310ECB010","0","0","0","66","2024-02-14T17:37:49.779000"
"NH11","AS2650","A","M01","2024-02-14T00:00:00","1","06","41310ECB010","0","0","0","66","2024-02-14T11:05:54.484000"
"NH11","AS2650","A","M01","2024-02-14T00:00:00","1","07","41310ECB010","41","37","0","66","2024-02-14T15:18:50.331000"
"NH11","AS2650","A","M01","2024-02-14T00:00:00","1","08","41310ECB010","44","39","0","66","2024-02-14T17:38:10.309000"
"NH11","AS2650","A","M01","2024-02-14T00:00:00","1","09","41310ECB010","54","51","0","66","2024-02-14T17:19:18.235000"
"NH11","AS2650","A","M01","2024-02-14T00:00:00","1","10","41310ECB010","49","36","0","66","2024-02-14T20:12:32.978000"
"NH11","AS2650","A","M01","2024-02-14T00:00:00","1","11","41310ECB010","0","0","0","66","2024-02-14T19:06:52.315000"
"NH11","AS2650","A","M01","2024-02-14T00:00:00","1","12","41310ECB010","0","0","0","66","2024-02-14T20:12:27.349000"
"NH11","AS2650","A","M01","2024-02-14T00:00:00","1","13","41310ECB010","0","0","0","66","2024-02-14T11:05:45.185000"
"NH11","AS2650","A","M01","2024-02-15T00:00:00","1","01","41310ECB010","50","45","0","66","2024-02-15T09:29:47.231000"
"NH11","AS2650","A","M01","2024-02-15T00:00:00","1","02","41310ECB010","54","51","0","66","2024-02-15T10:29:11.301000"
"NH11","AS2650","A","M01","2024-02-15T00:00:00","1","03","41310ECB010","44","39","0","66","2024-02-15T11:29:33.695000"
"NH11","AS2650","A","M01","2024-02-15T00:00:00","1","04","41310ECB010","54","58","0","66","2024-02-15T12:29:24.500000"
"NH11","AS2650","A","M01","2024-02-15T00:00:00","1","05","41310ECB010","0","1","0","66","2024-02-15T12:30:24.629000"
"NH11","AS2650","A","M01","2024-02-15T00:00:00","1","06","41310ECB010","41","40","0","66","2024-02-15T14:19:19.853000"
"NH11","AS2650","A","M01","2024-02-15T00:00:00","1","07","41310ECB010","53","52","0","66","2024-02-15T15:19:26.547000"
"NH11","AS2650","A","M01","2024-02-15T00:00:00","1","08","41310ECB010","45","46","0","66","2024-02-15T16:19:22.996000"
"NH11","AS2650","A","M01","2024-02-15T00:00:00","1","09","41310ECB010","49","50","0","66","2024-02-15T17:17:17.603000"
"NH11","AS2650","A","M01","2024-02-15T00:00:00","1","10","41310ECB010","0","0","0","66","2024-02-15T08:46:27.075000"
"NH11","AS2650","A","M01","2024-02-15T00:00:00","1","11","41310ECB010","0","0","0","66","2024-02-15T08:43:07.882000"
"NH11","AS2650","A","M01","2024-02-15T00:00:00","1","12","41310ECB010","0","0","0","66","2024-02-15T08:43:07.882000"
"NH11","AS2650","A","M01","2024-02-15T00:00:00","1","13","41310ECB010","0","0","0","66","2024-02-15T08:43:07.882000"
"NH11","AS2650","A","M01","2024-02-16T00:00:00","1","01","41310ECB010","50","50","0","66","2024-02-16T16:11:57.467000"
"NH11","AS2650","A","M01","2024-02-16T00:00:00","1","02","41310ECB010","54","54","0","66","2024-02-16T10:29:51.424000"
"NH11","AS2650","A","M01","2024-02-16T00:00:00","1","03","41310ECB010","44","44","0","66","2024-02-16T16:12:16.930000"
"NH11","AS2650","A","M01","2024-02-16T00:00:00","1","04","41310ECB010","54","54","0","66","2024-02-16T16:12:10.457000"
"NH11","AS2650","A","M01","2024-02-16T00:00:00","1","05","41310ECB010","0","0","0","66","2024-02-16T16:12:03.192000"
"NH11","AS2650","A","M01","2024-02-16T00:00:00","1","06","41310ECB010","41","38","0","66","2024-02-16T14:19:46.067000"
"NH11","AS2650","A","M01","2024-02-16T00:00:00","1","07","41310ECB010","53","53","0","66","2024-02-16T15:19:34.767000"
"NH11","AS2650","A","M01","2024-02-16T00:00:00","1","08","41310ECB010","45","44","0","66","2024-02-16T16:19:45.983000"
"NH11","AS2650","A","M01","2024-02-16T00:00:00","1","09","41310ECB010","49","49","0","66","2024-02-16T17:15:55.431000"
"NH11","AS2650","A","M01","2024-02-16T00:00:00","1","10","41310ECB010","0","0","0","66","2024-02-16T08:29:05.032000"
"NH11","AS2650","A","M01","2024-02-16T00:00:00","1","11","41310ECB010","0","0","0","66","2024-02-16T08:29:05.032000"
"NH11","AS2650","A","M01","2024-02-16T00:00:00","1","12","41310ECB010","0","0","0","66","2024-02-16T08:29:05.032000"
"NH11","AS2650","A","M01","2024-02-16T00:00:00","1","13","41310ECB010","0","0","0","66","2024-02-16T08:29:05.032000"
"NH11","AS2650","A","M01","2024-02-17T00:00:00","1","01","41310ECB010","50","0","0","51.5",""
"NH11","AS2650","A","M01","2024-02-17T00:00:00","1","02","41310ECB010","54","0","0","51.5",""
"NH11","AS2650","A","M01","2024-02-17T00:00:00","1","03","41310ECB010","44","0","0","51.5",""
"NH11","AS2650","A","M01","2024-02-17T00:00:00","1","04","41310ECB010","54","0","0","51.5",""
"NH11","AS2650","A","M01","2024-02-17T00:00:00","1","05","41310ECB010","0","0","0","51.5",""
"NH11","AS2650","A","M01","2024-02-17T00:00:00","1","06","41310ECB010","41","0","0","51.5",""
"NH11","AS2650","A","M01","2024-02-17T00:00:00","1","07","41310ECB010","53","0","0","51.5",""
"NH11","AS2650","A","M01","2024-02-17T00:00:00","1","08","41310ECB010","45","0","0","51.5",""
"NH11","AS2650","A","M01","2024-02-17T00:00:00","1","09","41310ECB010","49","0","0","51.5",""
"NH11","AS2650","A","M01","2024-02-17T00:00:00","1","10","41310ECB010","0","0","0","51.5",""
"NH11","AS2650","A","M01","2024-02-17T00:00:00","1","11","41310ECB010","0","0","0","51.5",""
"NH11","AS2650","A","M01","2024-02-17T00:00:00","1","12","41310ECB010","0","0","0","51.5",""
"NH11","AS2650","A","M01","2024-02-17T00:00:00","1","13","41310ECB010","0","0","0","51.5",""
"NH11","AS2650","A","M01","2024-02-18T00:00:00","2","01","41310ECB010","0","0","0","51.5",""
"NH11","AS2650","A","M01","2024-02-18T00:00:00","2","02","41310ECB010","50","0","0","51.5",""
"NH11","AS2650","A","M01","2024-02-18T00:00:00","2","03","41310ECB010","54","0","0","51.5",""
"NH11","AS2650","A","M01","2024-02-18T00:00:00","2","04","41310ECB010","44","0","0","51.5",""
"NH11","AS2650","A","M01","2024-02-18T00:00:00","2","05","41310ECB010","54","0","0","51.5",""
"NH11","AS2650","A","M01","2024-02-18T00:00:00","2","06","41310ECB010","0","0","0","51.5",""
"NH11","AS2650","A","M01","2024-02-18T00:00:00","2","07","41310ECB010","50","0","0","51.5",""
"NH11","AS2650","A","M01","2024-02-18T00:00:00","2","08","41310ECB010","53","0","0","51.5",""
"NH11","AS2650","A","M01","2024-02-18T00:00:00","2","09","41310ECB010","45","0","0","51.5",""
"NH11","AS2650","A","M01","2024-02-18T00:00:00","2","10","41310ECB010","40","0","0","51.5",""
"NH11","AS2650","A","M01","2024-02-18T00:00:00","2","11","41310ECB010","0","0","0","51.5",""
"NH11","AS2650","A","M01","2024-02-18T00:00:00","2","12","41310ECB010","0","0","0","51.5",""
"NH11","AS2650","A","M01","2024-02-18T00:00:00","2","13","41310ECB010","0","0","0","51.5",""
"NH11","AS2650","A","M01","2024-02-19T00:00:00","2","01","41310ECB010","0","0","0","66","2024-02-19T22:06:55.080000"
"NH11","AS2650","A","M01","2024-02-19T00:00:00","2","02","41310ECB010","50","50","0","66","2024-02-19T22:59:16.559000"
"NH11","AS2650","A","M01","2024-02-19T00:00:00","2","03","41310ECB010","54","53","0","66","2024-02-19T23:59:15.377000"
"NH11","AS2650","A","M01","2024-02-19T00:00:00","2","04","41310ECB010","44","46","0","66","2024-02-20T00:59:00.507000"
"NH11","AS2650","A","M01","2024-02-19T00:00:00","2","05","41310ECB010","54","53","0","66","2024-02-20T01:59:27.207000"
"NH11","AS2650","A","M01","2024-02-19T00:00:00","2","06","41310ECB010","0","1","0","66","2024-02-20T02:00:18.892000"
"NH11","AS2650","A","M01","2024-02-19T00:00:00","2","07","41310ECB010","50","50","0","66","2024-02-20T03:58:53.253000"
"NH11","AS2650","A","M01","2024-02-19T00:00:00","2","08","41310ECB010","53","54","0","66","2024-02-20T04:59:28.608000"
"NH11","AS2650","A","M01","2024-02-19T00:00:00","2","09","41310ECB010","45","42","0","66","2024-02-20T05:58:10.806000"
"NH11","AS2650","A","M01","2024-02-19T00:00:00","2","10","41310ECB010","40","2","0","66","2024-02-20T06:01:19.591000"
"NH11","AS2650","A","M01","2024-02-19T00:00:00","2","11","41310ECB010","0","0","0","66","2024-02-19T22:06:55.080000"
"NH11","AS2650","A","M01","2024-02-19T00:00:00","2","12","41310ECB010","0","0","0","66","2024-02-19T22:06:55.080000"
"NH11","AS2650","A","M01","2024-02-19T00:00:00","2","13","41310ECB010","0","0","0","66","2024-02-19T22:06:55.080000"
"NH11","AS2650","A","M01","2024-02-20T00:00:00","2","01","41310ECB010","0","0","0","66","2024-02-20T21:36:01.660000"
"NH11","AS2650","A","M01","2024-02-20T00:00:00","2","02","41310ECB010","50","50","0","66","2024-02-21T03:02:24.016000"
"NH11","AS2650","A","M01","2024-02-20T00:00:00","2","03","41310ECB010","54","54","0","66","2024-02-21T06:37:20.302000"
"NH11","AS2650","A","M01","2024-02-20T00:00:00","2","04","41310ECB010","44","30","0","66","2024-02-21T06:37:25.577000"
"NH11","AS2650","A","M01","2024-02-20T00:00:00","2","05","41310ECB010","54","52","0","66","2024-02-21T06:50:11.354000"
"NH11","AS2650","A","M01","2024-02-20T00:00:00","2","06","41310ECB010","0","0","0","66","2024-02-20T21:36:01.660000"
"NH11","AS2650","A","M01","2024-02-20T00:00:00","2","07","41310ECB010","50","50","0","66","2024-02-21T03:59:27.911000"
"NH11","AS2650","A","M01","2024-02-20T00:00:00","2","08","41310ECB010","53","53","0","66","2024-02-21T04:58:55.257000"
"NH11","AS2650","A","M01","2024-02-20T00:00:00","2","09","41310ECB010","45","45","0","66","2024-02-21T05:59:23.790000"
"NH11","AS2650","A","M01","2024-02-20T00:00:00","2","10","41310ECB010","40","40","0","66","2024-02-21T06:50:05.561000"
"NH11","AS2650","A","M01","2024-02-20T00:00:00","2","11","41310ECB010","0","0","0","66","2024-02-20T21:36:01.660000"
"NH11","AS2650","A","M01","2024-02-20T00:00:00","2","12","41310ECB010","0","0","0","66","2024-02-20T21:36:01.660000"
"NH11","AS2650","A","M01","2024-02-20T00:00:00","2","13","41310ECB010","0","0","0","66","2024-02-20T21:36:01.660000"
"NH11","AS2650","A","M01","2024-02-21T00:00:00","2","01","41310ECB010","0","0","0","66","2024-02-21T23:19:31.630000"
"NH11","AS2650","A","M01","2024-02-21T00:00:00","2","02","41310ECB010","50","50","0","66","2024-02-21T23:19:31.630000"
"NH11","AS2650","A","M01","2024-02-21T00:00:00","2","03","41310ECB010","54","54","0","66","2024-02-22T01:44:54.176000"
"NH11","AS2650","A","M01","2024-02-21T00:00:00","2","04","41310ECB010","44","44","0","66","2024-02-22T01:44:59.876000"
"NH11","AS2650","A","M01","2024-02-21T00:00:00","2","05","41310ECB010","54","54","0","66","2024-02-22T06:04:28.644000"
"NH11","AS2650","A","M01","2024-02-21T00:00:00","2","06","41310ECB010","0","0","0","66","2024-02-21T23:19:31.630000"
"NH11","AS2650","A","M01","2024-02-21T00:00:00","2","07","41310ECB010","50","50","0","66","2024-02-22T05:41:41.368000"
"NH11","AS2650","A","M01","2024-02-21T00:00:00","2","08","41310ECB010","53","53","0","66","2024-02-22T05:41:47.755000"
"NH11","AS2650","A","M01","2024-02-21T00:00:00","2","09","41310ECB010","45","32","0","66","2024-02-23T01:57:52.407000"
"NH11","AS2650","A","M01","2024-02-21T00:00:00","2","10","41310ECB010","40","40","0","66","2024-02-22T06:44:34.605000"
"NH11","AS2650","A","M01","2024-02-21T00:00:00","2","11","41310ECB010","0","0","0","66","2024-02-21T23:19:31.630000"
"NH11","AS2650","A","M01","2024-02-21T00:00:00","2","12","41310ECB010","0","0","0","66","2024-02-21T23:19:31.630000"
"NH11","AS2650","A","M01","2024-02-21T00:00:00","2","13","41310ECB010","0","0","0","66","2024-02-21T23:19:31.630000"
"NH11","AS2650","A","M01","2024-02-22T00:00:00","2","01","41310ECB010","0","0","0","66","2024-02-22T21:41:50.609000"
"NH11","AS2650","A","M01","2024-02-22T00:00:00","2","02","41310ECB010","50","50","0","66","2024-02-23T05:43:02.062000"
"NH11","AS2650","A","M01","2024-02-22T00:00:00","2","03","41310ECB010","54","54","0","66","2024-02-22T23:59:45.327000"
"NH11","AS2650","A","M01","2024-02-22T00:00:00","2","04","41310ECB010","44","44","0","66","2024-02-23T05:43:07.007000"
"NH11","AS2650","A","M01","2024-02-22T00:00:00","2","05","41310ECB010","54","54","0","66","2024-02-23T05:43:11.893000"
"NH11","AS2650","A","M01","2024-02-22T00:00:00","2","06","41310ECB010","0","0","0","66","2024-02-23T05:43:15.650000"
"NH11","AS2650","A","M01","2024-02-22T00:00:00","2","07","41310ECB010","50","50","0","66","2024-02-23T03:59:15.307000"
"NH11","AS2650","A","M01","2024-02-22T00:00:00","2","08","41310ECB010","53","53","0","66","2024-02-23T05:43:21.698000"
"NH11","AS2650","A","M01","2024-02-22T00:00:00","2","09","41310ECB010","45","45","0","66","2024-02-23T05:59:31.779000"
"NH11","AS2650","A","M01","2024-02-22T00:00:00","2","10","41310ECB010","40","40","0","66","2024-02-23T06:46:25.273000"
"NH11","AS2650","A","M01","2024-02-22T00:00:00","2","11","41310ECB010","0","0","0","66","2024-02-22T21:41:50.609000"
"NH11","AS2650","A","M01","2024-02-22T00:00:00","2","12","41310ECB010","0","0","0","66","2024-02-22T21:41:50.609000"
"NH11","AS2650","A","M01","2024-02-22T00:00:00","2","13","41310ECB010","0","0","0","66","2024-02-22T21:41:50.609000"
"NH11","AS2650","A","M01","2024-02-23T00:00:00","2","01","41310ECB010","0","0","0","66","2024-02-23T21:41:00.311000"
"NH11","AS2650","A","M01","2024-02-23T00:00:00","2","02","41310ECB010","50","49","0","66","2024-02-23T22:56:38.838000"
"NH11","AS2650","A","M01","2024-02-23T00:00:00","2","03","41310ECB010","54","51","0","66","2024-02-23T23:59:50.548000"
"NH11","AS2650","A","M01","2024-02-23T00:00:00","2","04","41310ECB010","44","50","0","66","2024-02-24T00:59:34.209000"
"NH11","AS2650","A","M01","2024-02-23T00:00:00","2","05","41310ECB010","54","53","0","66","2024-02-24T08:24:50.142000"
"NH11","AS2650","A","M01","2024-02-23T00:00:00","2","06","41310ECB010","0","0","0","66","2024-02-24T08:24:44.613000"
"NH11","AS2650","A","M01","2024-02-23T00:00:00","2","07","41310ECB010","23","23","0","66","2024-02-24T06:58:10.481000"
"NH11","AS2650","A","M01","2024-02-23T00:00:00","2","08","41310ECB010","53","53","0","66","2024-02-24T04:59:11.527000"
"NH11","AS2650","A","M01","2024-02-23T00:00:00","2","09","41310ECB010","45","45","0","66","2024-02-24T05:59:49.368000"
"NH11","AS2650","A","M01","2024-02-23T00:00:00","2","10","41310ECB010","40","39","0","66","2024-02-24T06:42:17.747000"
"NH11","AS2650","A","M01","2024-02-23T00:00:00","2","11","41310ECB010","0","0","0","66","2024-02-23T21:41:00.311000"
"NH11","AS2650","A","M01","2024-02-23T00:00:00","2","12","41310ECB010","0","0","0","66","2024-02-23T21:41:00.311000"
"NH11","AS2650","A","M01","2024-02-23T00:00:00","2","13","41310ECB010","0","0","0","66","2024-02-23T21:41:00.311000"
"NH11","AS2650","A","M01","2024-02-24T00:00:00","2","01","41310ECB010","0","0","0","51.5",""
"NH11","AS2650","A","M01","2024-02-24T00:00:00","2","02","41310ECB010","50","0","0","51.5",""
"NH11","AS2650","A","M01","2024-02-24T00:00:00","2","03","41310ECB010","54","0","0","51.5",""
"NH11","AS2650","A","M01","2024-02-24T00:00:00","2","04","41310ECB010","44","0","0","51.5",""
"NH11","AS2650","A","M01","2024-02-24T00:00:00","2","05","41310ECB010","54","0","0","51.5",""
"NH11","AS2650","A","M01","2024-02-24T00:00:00","2","06","41310ECB010","0","0","0","51.5",""
"NH11","AS2650","A","M01","2024-02-24T00:00:00","2","07","41310ECB010","23","0","0","51.5",""
"NH11","AS2650","A","M01","2024-02-24T00:00:00","2","08","41310ECB010","53","0","0","51.5",""
"NH11","AS2650","A","M01","2024-02-24T00:00:00","2","09","41310ECB010","45","0","0","51.5",""
"NH11","AS2650","A","M01","2024-02-24T00:00:00","2","10","41310ECB010","40","0","0","51.5",""
"NH11","AS2650","A","M01","2024-02-24T00:00:00","2","11","41310ECB010","0","0","0","51.5",""
"NH11","AS2650","A","M01","2024-02-24T00:00:00","2","12","41310ECB010","0","0","0","51.5",""
"NH11","AS2650","A","M01","2024-02-24T00:00:00","2","13","41310ECB010","0","0","0","51.5",""
"NH11","AS2650","A","M01","2024-02-25T00:00:00","1","01","41310ECB010","50","0","0","51.5",""
"NH11","AS2650","A","M01","2024-02-25T00:00:00","1","02","41310ECB010","54","0","0","51.5",""
"NH11","AS2650","A","M01","2024-02-25T00:00:00","1","03","41310ECB010","44","0","0","51.5",""
"NH11","AS2650","A","M01","2024-02-25T00:00:00","1","04","41310ECB010","54","0","0","51.5",""
"NH11","AS2650","A","M01","2024-02-25T00:00:00","1","05","41310ECB010","0","0","0","51.5",""
"NH11","AS2650","A","M01","2024-02-25T00:00:00","1","06","41310ECB010","41","0","0","51.5",""
"NH11","AS2650","A","M01","2024-02-25T00:00:00","1","07","41310ECB010","53","0","0","51.5",""
"NH11","AS2650","A","M01","2024-02-25T00:00:00","1","08","41310ECB010","45","0","0","51.5",""
"NH11","AS2650","A","M01","2024-02-25T00:00:00","1","09","41310ECB010","49","0","0","51.5",""
"NH11","AS2650","A","M01","2024-02-25T00:00:00","1","10","41310ECB010","0","0","0","51.5",""
"NH11","AS2650","A","M01","2024-02-25T00:00:00","1","11","41310ECB010","0","0","0","51.5",""
"NH11","AS2650","A","M01","2024-02-25T00:00:00","1","12","41310ECB010","0","0","0","51.5",""
"NH11","AS2650","A","M01","2024-02-25T00:00:00","1","13","41310ECB010","0","0","0","51.5",""
"NH11","AS2650","A","M01","2024-02-26T00:00:00","1","01","41310ECB010","50","50","0","66","2024-02-26T15:19:26.725000"
"NH11","AS2650","A","M01","2024-02-26T00:00:00","1","02","41310ECB010","54","54","0","66","2024-02-26T15:19:31.706000"
"NH11","AS2650","A","M01","2024-02-26T00:00:00","1","03","41310ECB010","44","44","0","66","2024-02-26T15:19:37.808000"
"NH11","AS2650","A","M01","2024-02-26T00:00:00","1","04","41310ECB010","54","54","0","66","2024-02-26T12:29:23.372000"
"NH11","AS2650","A","M01","2024-02-26T00:00:00","1","05","41310ECB010","0","0","0","66","2024-02-26T10:43:58.153000"
"NH11","AS2650","A","M01","2024-02-26T00:00:00","1","06","41310ECB010","41","41","0","66","2024-02-26T14:19:54.162000"
"NH11","AS2650","A","M01","2024-02-26T00:00:00","1","07","41310ECB010","53","53","0","66","2024-02-26T16:39:18.736000"
"NH11","AS2650","A","M01","2024-02-26T00:00:00","1","08","41310ECB010","45","45","0","66","2024-02-26T16:47:20.025000"
"NH11","AS2650","A","M01","2024-02-26T00:00:00","1","09","41310ECB010","49","41","0","66","2024-02-26T17:16:00.282000"
"NH11","AS2650","A","M01","2024-02-26T00:00:00","1","10","41310ECB010","0","0","0","66","2024-02-26T10:43:58.153000"
"NH11","AS2650","A","M01","2024-02-26T00:00:00","1","11","41310ECB010","0","0","0","66","2024-02-26T10:43:58.153000"
"NH11","AS2650","A","M01","2024-02-26T00:00:00","1","12","41310ECB010","0","0","0","66","2024-02-26T10:43:58.153000"
"NH11","AS2650","A","M01","2024-02-26T00:00:00","1","13","41310ECB010","0","0","0","66","2024-02-26T10:43:58.153000"
"NH11","AS2650","A","M01","2024-02-27T00:00:00","1","01","41310ECB010","50","50","0","66","2024-02-27T11:15:12.127000"
"NH11","AS2650","A","M01","2024-02-27T00:00:00","1","02","41310ECB010","54","54","0","66","2024-02-27T11:15:17.238000"
"NH11","AS2650","A","M01","2024-02-27T00:00:00","1","03","41310ECB010","44","44","0","66","2024-02-27T11:58:49.955000"
"NH11","AS2650","A","M01","2024-02-27T00:00:00","1","04","41310ECB010","54","54","0","66","2024-02-27T12:29:59.238000"
"NH11","AS2650","A","M01","2024-02-27T00:00:00","1","05","41310ECB010","0","0","0","66","2024-02-27T16:57:32.887000"
"NH11","AS2650","A","M01","2024-02-27T00:00:00","1","06","41310ECB010","41","41","0","66","2024-02-27T16:57:38.432000"
"NH11","AS2650","A","M01","2024-02-27T00:00:00","1","07","41310ECB010","53","53","0","66","2024-02-27T15:19:19.257000"
"NH11","AS2650","A","M01","2024-02-27T00:00:00","1","08","41310ECB010","45","45","0","66","2024-02-27T16:19:26.588000"
"NH11","AS2650","A","M01","2024-02-27T00:00:00","1","09","41310ECB010","49","49","0","66","2024-02-27T17:12:30.702000"
"NH11","AS2650","A","M01","2024-02-27T00:00:00","1","10","41310ECB010","0","0","0","66","2024-02-27T20:12:30.993000"
"NH11","AS2650","A","M01","2024-02-27T00:00:00","1","11","41310ECB010","0","0","0","66","2024-02-27T08:41:43.302000"
"NH11","AS2650","A","M01","2024-02-27T00:00:00","1","12","41310ECB010","0","0","0","66","2024-02-27T08:41:43.302000"
"NH11","AS2650","A","M01","2024-02-27T00:00:00","1","13","41310ECB010","0","0","0","66","2024-02-27T08:41:43.302000"
"NH11","AS2650","A","M01","2024-02-28T00:00:00","1","01","41310ECB010","50","50","0","66","2024-02-28T16:54:12.872000"
"NH11","AS2650","A","M01","2024-02-28T00:00:00","1","02","41310ECB010","54","52","0","66","2024-02-28T19:29:58.002000"
"NH11","AS2650","A","M01","2024-02-28T00:00:00","1","03","41310ECB010","44","43","0","66","2024-02-28T19:30:06.803000"
"NH11","AS2650","A","M01","2024-02-28T00:00:00","1","04","41310ECB010","54","54","0","66","2024-02-28T16:54:18.066000"
"NH11","AS2650","A","M01","2024-02-28T00:00:00","1","05","41310ECB010","0","0","0","66","2024-02-28T08:12:15.895000"
"NH11","AS2650","A","M01","2024-02-28T00:00:00","1","06","41310ECB010","0","0","0","66","2024-02-28T16:54:29.434000"
"NH11","AS2650","A","M01","2024-02-28T00:00:00","1","07","41310ECB010","40","40","0","66","2024-02-28T19:30:17.672000"
"NH11","AS2650","A","M01","2024-02-28T00:00:00","1","08","41310ECB010","44","44","0","66","2024-02-28T19:30:24.207000"
"NH11","AS2650","A","M01","2024-02-28T00:00:00","1","09","41310ECB010","49","35","0","66","2024-02-28T19:30:32.624000"
"NH11","AS2650","A","M01","2024-02-28T00:00:00","1","10","41310ECB010","0","0","0","66","2024-02-28T16:53:40.503000"
"NH11","AS2650","A","M01","2024-02-28T00:00:00","1","11","41310ECB010","0","0","0","66","2024-02-28T08:12:15.895000"
"NH11","AS2650","A","M01","2024-02-28T00:00:00","1","12","41310ECB010","0","0","0","66","2024-02-28T08:12:15.895000"
"NH11","AS2650","A","M01","2024-02-28T00:00:00","1","13","41310ECB010","0","0","0","66","2024-02-28T08:12:15.895000"
"NH11","AS2650","A","M01","2024-02-29T00:00:00","1","01","41310ECB010","50","29","0","66","2024-02-29T09:07:57.298000"
"NH11","AS2650","A","M01","2024-02-29T00:00:00","1","02","41310ECB010","54","21","0","66","2024-02-29T12:18:57.132000"
"NH11","AS2650","A","M01","2024-02-29T00:00:00","1","03","41310ECB010","44","44","0","66","2024-02-29T12:19:04.240000"
"NH11","AS2650","A","M01","2024-02-29T00:00:00","1","04","41310ECB010","54","54","0","66","2024-02-29T14:36:01.876000"
"NH11","AS2650","A","M01","2024-02-29T00:00:00","1","05","41310ECB010","0","0","0","66","2024-02-29T14:36:07.576000"
"NH11","AS2650","A","M01","2024-02-29T00:00:00","1","06","41310ECB010","41","34","0","66","2024-02-29T16:30:44.084000"
"NH11","AS2650","A","M01","2024-02-29T00:00:00","1","07","41310ECB010","53","52","0","66","2024-02-29T15:18:31.728000"
"NH11","AS2650","A","M01","2024-02-29T00:00:00","1","08","41310ECB010","45","45","0","66","2024-02-29T16:30:49.175000"
"NH11","AS2650","A","M01","2024-02-29T00:00:00","1","09","41310ECB010","49","48","0","66","2024-02-29T17:15:28.656000"
"NH11","AS2650","A","M01","2024-02-29T00:00:00","1","10","41310ECB010","0","2","0","66","2024-02-29T17:38:32.781000"
"NH11","AS2650","A","M01","2024-02-29T00:00:00","1","11","41310ECB010","0","0","0","66","2024-02-29T08:12:00.906000"
"NH11","AS2650","A","M01","2024-02-29T00:00:00","1","12","41310ECB010","0","0","0","66","2024-02-29T08:12:00.906000"
"NH11","AS2650","A","M01","2024-02-29T00:00:00","1","13","41310ECB010","0","0","0","66","2024-02-29T08:12:00.906000"
